Fecha_Hora,Precio_BTC,Prediccion_LSTM,Porcentaje_error_LSTM,Mercado_LSTM,Prediccion_ARIMA,Porcentaje_error_ARIMA,Mercado_ARIMA,SMA_20,SMA_50,EMA_20,EMA_50,RSI,MACD,MACD_signal,MACD_hist,BB_upper,BB_mid,BB_lower,BB_width,SAR
2025-05-19 20:00:46,105545.47,103400.34,0.00,Baja,105535.70,0.00,Baja,NaN,NaN,NaN,NaN,NaN,NaN,NaN,NaN,NaN,NaN,NaN,NaN,NaN
2025-05-19 21:00:46,105477.02,103557.52,1.97,Baja,105506.63,0.06,Sube,NaN,NaN,NaN,NaN,NaN,NaN,NaN,NaN,NaN,NaN,NaN,NaN,NaN
2025-05-19 22:00:54,105456.77,103717.76,1.80,Baja,105472.48,0.05,Sube,NaN,NaN,NaN,NaN,NaN,NaN,NaN,NaN,NaN,NaN,NaN,NaN,NaN
2025-05-19 23:00:52,105556.48,103877.60,1.74,Baja,105541.49,0.08,Baja,NaN,NaN,NaN,NaN,NaN,NaN,NaN,NaN,NaN,NaN,NaN,NaN,NaN
2025-05-20 00:01:33,105554.39,104028.80,1.59,Baja,105559.01,0.01,Sube,NaN,NaN,NaN,NaN,NaN,NaN,NaN,NaN,NaN,NaN,NaN,NaN,NaN
2025-05-20 01:02:38,105855.65,104179.63,1.73,Baja,105853.78,0.28,Baja,NaN,NaN,NaN,NaN,NaN,NaN,NaN,NaN,NaN,NaN,NaN,NaN,NaN
2025-05-20 02:01:57,106513.44,104356.11,2.19,Baja,106504.82,0.62,Baja,NaN,NaN,NaN,NaN,NaN,NaN,NaN,NaN,NaN,NaN,NaN,NaN,NaN
2025-05-20 03:01:31,106088.78,104500.69,1.63,Baja,106122.44,0.39,Sube,NaN,NaN,NaN,NaN,NaN,NaN,NaN,NaN,NaN,NaN,NaN,NaN,NaN
2025-05-20 04:01:00,105804.64,104626.10,1.23,Baja,105812.66,0.30,Sube,NaN,NaN,NaN,NaN,NaN,NaN,NaN,NaN,NaN,NaN,NaN,NaN,NaN
2025-05-20 05:01:21,106201.96,104761.80,1.48,Baja,106195.80,0.37,Baja,NaN,NaN,NaN,NaN,NaN,NaN,NaN,NaN,NaN,NaN,NaN,NaN,NaN
2025-05-20 06:01:30,106116.47,104875.27,1.28,Baja,106125.14,0.07,Sube,NaN,NaN,NaN,NaN,NaN,NaN,NaN,NaN,NaN,NaN,NaN,NaN,NaN
2025-05-20 07:00:59,105499.92,104943.76,0.59,Baja,105489.70,0.59,Baja,NaN,NaN,NaN,NaN,NaN,NaN,NaN,NaN,NaN,NaN,NaN,NaN,NaN
2025-05-20 08:00:55,105045.45,104975.64,0.10,Baja,105038.18,0.42,Baja,NaN,NaN,NaN,NaN,NaN,NaN,NaN,NaN,NaN,NaN,NaN,NaN,NaN
2025-05-20 09:00:59,105150.26,104992.95,0.17,Baja,105168.22,0.11,Sube,NaN,NaN,NaN,NaN,NaN,NaN,NaN,NaN,NaN,NaN,NaN,NaN,NaN
2025-05-20 10:00:50,105294.46,104995.25,0.29,Baja,105314.73,0.12,Sube,NaN,NaN,NaN,NaN,NaN,NaN,NaN,NaN,NaN,NaN,NaN,NaN,NaN
2025-05-20 11:00:54,105031.05,104969.01,0.03,Baja,105047.36,0.27,Sube,NaN,NaN,NaN,NaN,NaN,NaN,NaN,NaN,NaN,NaN,NaN,NaN,NaN
2025-05-20 12:01:21,105193.06,104943.50,0.21,Baja,105189.97,0.14,Baja,NaN,NaN,NaN,NaN,NaN,NaN,NaN,NaN,NaN,NaN,NaN,NaN,NaN
2025-05-20 13:01:57,104780.01,104887.30,0.16,Sube,104786.44,0.39,Sube,NaN,NaN,NaN,NaN,NaN,NaN,NaN,NaN,NaN,NaN,NaN,NaN,NaN
2025-05-20 14:01:22,104407.01,104810.05,0.46,Sube,104418.41,0.36,Sube,NaN,NaN,NaN,NaN,NaN,NaN,NaN,NaN,NaN,NaN,NaN,NaN,NaN
2025-05-20 15:01:35,104502.62,104732.52,0.29,Sube,104503.10,0.08,Sube,NaN,NaN,NaN,NaN,NaN,NaN,NaN,NaN,NaN,NaN,NaN,NaN,NaN
2025-05-20 16:01:21,105351.00,104694.09,0.59,Baja,105351.56,0.80,Sube,NaN,NaN,NaN,NaN,NaN,NaN,NaN,NaN,NaN,NaN,NaN,NaN,NaN
2025-05-20 17:00:58,105218.59,104647.93,0.50,Baja,105228.47,0.13,Sube,NaN,NaN,NaN,NaN,NaN,NaN,NaN,NaN,NaN,NaN,NaN,NaN,NaN
2025-05-20 18:00:43,106233.17,104671.80,1.49,Baja,106229.03,0.95,Baja,NaN,NaN,NaN,NaN,NaN,NaN,NaN,NaN,NaN,NaN,NaN,NaN,NaN
2025-05-20 19:00:45,105282.62,104654.86,0.58,Baja,105280.22,0.90,Baja,NaN,NaN,NaN,NaN,NaN,NaN,NaN,NaN,NaN,NaN,NaN,NaN,NaN
2025-05-20 20:00:43,106959.99,104754.67,2.16,Baja,106991.85,1.57,Sube,NaN,NaN,NaN,NaN,NaN,NaN,NaN,NaN,NaN,NaN,NaN,NaN,NaN
2025-05-20 21:00:45,106904.77,104854.83,2.01,Baja,106889.97,0.08,Baja,NaN,NaN,NaN,NaN,NaN,NaN,NaN,NaN,NaN,NaN,NaN,NaN,NaN
2025-05-20 22:00:51,106662.49,104962.47,1.69,Baja,106666.75,0.21,Sube,NaN,NaN,NaN,NaN,NaN,NaN,NaN,NaN,NaN,NaN,NaN,NaN,NaN
2025-05-20 23:00:51,106780.22,105089.79,1.70,Baja,106758.93,0.11,Baja,NaN,NaN,NaN,NaN,NaN,NaN,NaN,NaN,NaN,NaN,NaN,NaN,NaN
2025-05-21 00:01:47,106804.42,105218.11,1.61,Baja,106806.34,0.04,Sube,NaN,NaN,NaN,NaN,NaN,NaN,NaN,NaN,NaN,NaN,NaN,NaN,NaN
2025-05-21 01:02:21,106707.83,105340.23,1.40,Baja,106682.98,0.09,Baja,NaN,NaN,NaN,NaN,NaN,NaN,NaN,NaN,NaN,NaN,NaN,NaN,NaN
2025-05-21 02:01:47,106508.90,105443.42,1.10,Baja,106510.55,0.16,Sube,NaN,NaN,NaN,NaN,NaN,NaN,NaN,NaN,NaN,NaN,NaN,NaN,NaN
2025-05-21 03:01:22,106874.03,105555.89,1.34,Baja,106847.82,0.34,Baja,NaN,NaN,NaN,NaN,NaN,NaN,NaN,NaN,NaN,NaN,NaN,NaN,NaN
2025-05-21 04:01:30,106839.84,105653.77,1.20,Baja,106819.00,0.01,Baja,NaN,NaN,NaN,NaN,NaN,NaN,NaN,NaN,NaN,NaN,NaN,NaN,NaN
2025-05-21 05:01:30,107349.98,105772.68,1.58,Baja,107368.04,0.49,Sube,NaN,NaN,NaN,NaN,NaN,NaN,NaN,NaN,NaN,NaN,NaN,NaN,NaN
2025-05-21 06:01:22,107549.50,105892.32,1.65,Baja,107536.04,0.17,Baja,NaN,NaN,NaN,NaN,NaN,NaN,NaN,NaN,NaN,NaN,NaN,NaN,NaN
2025-05-21 07:01:01,107779.92,106023.88,1.75,Baja,107770.63,0.23,Baja,NaN,NaN,NaN,NaN,NaN,NaN,NaN,NaN,NaN,NaN,NaN,NaN,NaN
2025-05-21 08:00:58,106458.77,106082.82,0.41,Baja,106464.64,1.23,Sube,NaN,NaN,NaN,NaN,NaN,NaN,NaN,NaN,NaN,NaN,NaN,NaN,NaN
2025-05-21 09:01:30,106396.67,106132.00,0.29,Baja,106411.35,0.06,Sube,NaN,NaN,NaN,NaN,NaN,NaN,NaN,NaN,NaN,NaN,NaN,NaN,NaN
2025-05-21 10:00:54,106215.97,106146.94,0.08,Baja,106224.38,0.18,Sube,NaN,NaN,NaN,NaN,NaN,NaN,NaN,NaN,NaN,NaN,NaN,NaN,NaN
2025-05-21 11:01:29,106320.99,106147.34,0.16,Baja,106358.00,0.09,Sube,NaN,NaN,NaN,NaN,NaN,NaN,NaN,NaN,NaN,NaN,NaN,NaN,NaN
2025-05-21 12:01:28,106501.48,106139.97,0.33,Baja,106511.54,0.13,Sube,NaN,NaN,NaN,NaN,NaN,NaN,NaN,NaN,NaN,NaN,NaN,NaN,NaN
2025-05-21 13:02:17,106574.89,106124.89,0.41,Baja,106586.75,0.06,Sube,NaN,NaN,NaN,NaN,NaN,NaN,NaN,NaN,NaN,NaN,NaN,NaN,NaN
2025-05-21 14:01:23,107479.62,106153.06,1.26,Baja,107382.83,0.83,Baja,NaN,NaN,NaN,NaN,NaN,NaN,NaN,NaN,NaN,NaN,NaN,NaN,NaN
2025-05-21 15:01:01,108935.61,106265.41,2.55,Baja,108907.31,1.43,Baja,NaN,NaN,NaN,NaN,NaN,NaN,NaN,NaN,NaN,NaN,NaN,NaN,NaN
2025-05-21 16:00:53,109004.01,106394.44,2.51,Baja,108987.42,0.09,Baja,NaN,NaN,NaN,NaN,NaN,NaN,NaN,NaN,NaN,NaN,NaN,NaN,NaN
2025-05-21 17:00:51,109186.82,106564.49,2.56,Baja,109176.33,0.18,Baja,NaN,NaN,NaN,NaN,NaN,NaN,NaN,NaN,NaN,NaN,NaN,NaN,NaN
2025-05-21 18:00:49,106540.80,106606.67,0.02,Sube,106556.75,2.47,Sube,NaN,NaN,NaN,NaN,NaN,NaN,NaN,NaN,NaN,NaN,NaN,NaN,NaN
2025-05-21 19:00:48,106956.76,106679.32,0.33,Baja,107039.02,0.37,Sube,NaN,NaN,NaN,NaN,NaN,NaN,NaN,NaN,NaN,NaN,NaN,NaN,NaN
2025-05-21 20:00:45,108664.29,106816.00,1.83,Baja,108629.97,1.50,Baja,NaN,NaN,NaN,NaN,NaN,NaN,NaN,NaN,NaN,NaN,NaN,NaN,NaN
2025-05-21 21:00:49,108145.21,106899.71,1.23,Baja,107998.01,0.45,Baja,NaN,NaN,NaN,NaN,NaN,NaN,NaN,NaN,NaN,NaN,NaN,NaN,NaN
2025-05-21 22:00:58,108414.64,107001.91,1.40,Baja,108421.09,0.38,Sube,NaN,NaN,NaN,NaN,NaN,NaN,NaN,NaN,NaN,NaN,NaN,NaN,NaN
2025-05-21 23:00:55,108738.43,107115.28,1.60,Baja,108745.96,0.29,Sube,NaN,NaN,NaN,NaN,NaN,NaN,NaN,NaN,NaN,NaN,NaN,NaN,NaN
2025-05-22 00:01:57,109531.43,107272.99,2.21,Baja,109684.30,0.72,Sube,NaN,NaN,NaN,NaN,NaN,NaN,NaN,NaN,NaN,NaN,NaN,NaN,NaN
2025-05-22 01:01:49,110035.30,107449.79,2.51,Baja,110054.85,0.32,Sube,NaN,NaN,NaN,NaN,NaN,NaN,NaN,NaN,NaN,NaN,NaN,NaN,NaN
2025-05-22 02:02:20,109964.69,107629.65,2.29,Baja,110006.77,0.08,Sube,NaN,NaN,NaN,NaN,NaN,NaN,NaN,NaN,NaN,NaN,NaN,NaN,NaN
2025-05-22 03:01:35,110481.79,107844.94,2.58,Baja,110503.98,0.43,Sube,NaN,NaN,NaN,NaN,NaN,NaN,NaN,NaN,NaN,NaN,NaN,NaN,NaN
2025-05-22 04:01:43,111623.63,108126.78,3.39,Baja,111686.08,1.00,Sube,NaN,NaN,NaN,NaN,NaN,NaN,NaN,NaN,NaN,NaN,NaN,NaN,NaN
2025-05-22 05:01:41,111464.01,108399.78,2.99,Baja,111473.48,0.20,Sube,NaN,NaN,NaN,NaN,NaN,NaN,NaN,NaN,NaN,NaN,NaN,NaN,NaN
2025-05-22 06:01:29,110870.22,108650.30,2.23,Baja,110919.78,0.54,Sube,NaN,NaN,NaN,NaN,NaN,NaN,NaN,NaN,NaN,NaN,NaN,NaN,NaN
2025-05-22 07:01:29,110586.19,108873.40,1.75,Baja,110590.16,0.30,Sube,NaN,NaN,NaN,NaN,NaN,NaN,NaN,NaN,NaN,NaN,NaN,NaN,NaN
2025-05-22 08:00:57,111134.00,109102.21,2.03,Baja,111114.05,0.49,Baja,NaN,NaN,NaN,NaN,NaN,NaN,NaN,NaN,NaN,NaN,NaN,NaN,NaN
2025-05-22 09:01:33,110336.60,109265.78,1.12,Baja,110416.15,0.70,Sube,NaN,NaN,NaN,NaN,NaN,NaN,NaN,NaN,NaN,NaN,NaN,NaN,NaN
2025-05-22 11:01:43,110812.55,109565.68,1.40,Baja,110851.27,0.36,Sube,NaN,NaN,NaN,NaN,NaN,NaN,NaN,NaN,NaN,NaN,NaN,NaN,NaN
2025-05-22 12:01:30,110986.57,109688.88,1.28,Baja,111075.69,0.12,Sube,NaN,NaN,NaN,NaN,NaN,NaN,NaN,NaN,NaN,NaN,NaN,NaN,NaN
2025-05-22 13:02:11,111560.02,109826.17,1.68,Baja,111469.03,0.43,Baja,NaN,NaN,NaN,NaN,NaN,NaN,NaN,NaN,NaN,NaN,NaN,NaN,NaN
2025-05-22 14:01:23,110936.15,109763.76,1.00,Baja,110846.32,0.48,Baja,NaN,NaN,NaN,NaN,NaN,NaN,NaN,NaN,NaN,NaN,NaN,NaN,NaN
2025-05-22 15:01:05,110900.76,109770.69,1.03,Baja,110923.81,0.05,Sube,NaN,NaN,NaN,NaN,NaN,NaN,NaN,NaN,NaN,NaN,NaN,NaN,NaN
2025-05-22 16:00:54,111280.47,109803.20,1.36,Baja,111269.02,0.32,Baja,NaN,NaN,NaN,NaN,NaN,NaN,NaN,NaN,NaN,NaN,NaN,NaN,NaN
2025-05-22 17:00:50,111261.22,109840.72,1.31,Baja,111256.35,0.01,Baja,NaN,NaN,NaN,NaN,NaN,NaN,NaN,NaN,NaN,NaN,NaN,NaN,NaN
2025-05-22 18:00:48,111509.56,109905.19,1.50,Baja,111488.32,0.23,Baja,NaN,NaN,NaN,NaN,NaN,NaN,NaN,NaN,NaN,NaN,NaN,NaN,NaN
2025-05-22 19:00:51,111760.00,109993.35,1.66,Baja,111755.83,0.24,Baja,NaN,NaN,NaN,NaN,NaN,NaN,NaN,NaN,NaN,NaN,NaN,NaN,NaN
2025-05-22 20:00:49,111166.77,110051.67,1.06,Baja,111180.98,0.53,Sube,NaN,NaN,NaN,NaN,NaN,NaN,NaN,NaN,NaN,NaN,NaN,NaN,NaN
2025-05-22 21:00:54,111005.37,110112.78,0.86,Baja,111005.40,0.16,Sube,NaN,NaN,NaN,NaN,NaN,NaN,NaN,NaN,NaN,NaN,NaN,NaN,NaN
2025-05-22 22:01:17,110912.97,110161.10,0.72,Baja,110910.64,0.08,Baja,NaN,NaN,NaN,NaN,NaN,NaN,NaN,NaN,NaN,NaN,NaN,NaN,NaN
2025-05-22 23:01:01,111033.53,110207.15,0.79,Baja,111024.95,0.11,Baja,NaN,NaN,NaN,NaN,NaN,NaN,NaN,NaN,NaN,NaN,NaN,NaN,NaN
2025-05-23 00:01:43,111636.37,110279.78,1.28,Baja,111631.74,0.55,Baja,NaN,NaN,NaN,NaN,NaN,NaN,NaN,NaN,NaN,NaN,NaN,NaN,NaN
2025-05-23 01:01:50,111624.28,110343.19,1.20,Baja,111618.40,0.01,Baja,NaN,NaN,NaN,NaN,NaN,NaN,NaN,NaN,NaN,NaN,NaN,NaN,NaN
2025-05-23 02:02:26,111336.64,110393.27,0.89,Baja,111336.17,0.25,Baja,NaN,NaN,NaN,NaN,NaN,NaN,NaN,NaN,NaN,NaN,NaN,NaN,NaN
2025-05-23 03:01:35,111274.14,110439.58,0.79,Baja,111268.20,0.06,Baja,NaN,NaN,NaN,NaN,NaN,NaN,NaN,NaN,NaN,NaN,NaN,NaN,NaN
2025-05-23 04:01:23,111087.00,110470.42,0.58,Baja,111089.02,0.16,Sube,NaN,NaN,NaN,NaN,NaN,NaN,NaN,NaN,NaN,NaN,NaN,NaN,NaN
2025-05-23 05:01:44,110844.22,110479.99,0.34,Baja,110846.94,0.22,Sube,NaN,NaN,NaN,NaN,NaN,NaN,NaN,NaN,NaN,NaN,NaN,NaN,NaN
2025-05-23 06:01:31,110826.11,110479.47,0.31,Baja,110827.67,0.02,Sube,NaN,NaN,NaN,NaN,NaN,NaN,NaN,NaN,NaN,NaN,NaN,NaN,NaN
2025-05-23 07:01:24,110550.00,110450.61,0.06,Baja,110550.92,0.25,Sube,NaN,NaN,NaN,NaN,NaN,NaN,NaN,NaN,NaN,NaN,NaN,NaN,NaN
2025-05-23 08:01:24,110745.37,110428.30,0.27,Baja,110753.03,0.18,Sube,NaN,NaN,NaN,NaN,NaN,NaN,NaN,NaN,NaN,NaN,NaN,NaN,NaN
2025-05-23 09:01:35,110934.94,110406.99,0.46,Baja,110934.50,0.16,Baja,NaN,NaN,NaN,NaN,NaN,NaN,NaN,NaN,NaN,NaN,NaN,NaN,NaN
2025-05-23 10:01:33,111335.02,110405.79,0.83,Baja,111386.46,0.36,Sube,NaN,NaN,NaN,NaN,NaN,NaN,NaN,NaN,NaN,NaN,NaN,NaN,NaN
2025-05-23 11:01:44,111036.33,110392.04,0.57,Baja,111036.24,0.32,Baja,NaN,NaN,NaN,NaN,NaN,NaN,NaN,NaN,NaN,NaN,NaN,NaN,NaN
2025-05-23 12:01:36,108735.62,110276.58,1.52,Sube,108789.29,2.12,Sube,NaN,NaN,NaN,NaN,NaN,NaN,NaN,NaN,NaN,NaN,NaN,NaN,NaN
2025-05-23 13:02:22,108272.00,110130.44,1.85,Sube,108302.63,0.48,Sube,NaN,NaN,NaN,NaN,NaN,NaN,NaN,NaN,NaN,NaN,NaN,NaN,NaN
2025-05-23 14:01:19,109783.02,110023.99,0.32,Sube,109602.59,1.35,Baja,NaN,NaN,NaN,NaN,NaN,NaN,NaN,NaN,NaN,NaN,NaN,NaN,NaN
2025-05-23 15:01:27,109810.06,109898.04,0.19,Sube,109808.56,0.19,Baja,NaN,NaN,NaN,NaN,NaN,NaN,NaN,NaN,NaN,NaN,NaN,NaN,NaN
2025-05-23 16:01:30,109066.42,109741.71,0.76,Sube,109066.37,0.68,Baja,NaN,NaN,NaN,NaN,NaN,NaN,NaN,NaN,NaN,NaN,NaN,NaN,NaN
2025-05-23 17:00:53,109074.27,109593.59,0.61,Sube,109079.30,0.01,Sube,NaN,NaN,NaN,NaN,NaN,NaN,NaN,NaN,NaN,NaN,NaN,NaN,NaN
2025-05-23 18:00:51,109366.19,109468.74,0.21,Sube,109436.88,0.26,Sube,NaN,NaN,NaN,NaN,NaN,NaN,NaN,NaN,NaN,NaN,NaN,NaN,NaN
2025-05-23 19:00:53,108793.18,109316.17,0.62,Sube,108793.87,0.59,Sube,NaN,NaN,NaN,NaN,NaN,NaN,NaN,NaN,NaN,NaN,NaN,NaN,NaN
2025-05-23 20:00:51,108707.17,109176.02,0.56,Sube,108708.82,0.08,Sube,NaN,NaN,NaN,NaN,NaN,NaN,NaN,NaN,NaN,NaN,NaN,NaN,NaN
2025-05-23 21:00:55,108227.21,109014.71,0.88,Sube,108233.18,0.44,Sube,NaN,NaN,NaN,NaN,NaN,NaN,NaN,NaN,NaN,NaN,NaN,NaN,NaN
2025-05-23 22:01:06,108328.43,108857.62,0.63,Sube,108329.55,0.09,Sube,NaN,NaN,NaN,NaN,NaN,NaN,NaN,NaN,NaN,NaN,NaN,NaN,NaN
2025-05-23 23:00:58,107736.07,108676.68,1.04,Sube,107739.73,0.55,Sube,NaN,NaN,NaN,NaN,NaN,NaN,NaN,NaN,NaN,NaN,NaN,NaN,NaN
2025-05-24 00:01:47,107131.44,108476.46,1.44,Sube,107147.08,0.57,Sube,NaN,NaN,NaN,NaN,NaN,NaN,NaN,NaN,NaN,NaN,NaN,NaN,NaN
2025-05-24 01:01:59,107260.32,108287.25,1.13,Sube,107355.80,0.11,Sube,NaN,NaN,NaN,NaN,NaN,NaN,NaN,NaN,NaN,NaN,NaN,NaN,NaN
2025-05-24 02:02:35,107270.12,108100.10,0.95,Sube,107272.23,0.08,Sube,NaN,NaN,NaN,NaN,NaN,NaN,NaN,NaN,NaN,NaN,NaN,NaN,NaN
2025-05-24 03:01:39,107761.50,107945.00,0.31,Sube,107760.26,0.45,Baja,NaN,NaN,NaN,NaN,NaN,NaN,NaN,NaN,NaN,NaN,NaN,NaN,NaN
2025-05-24 04:01:28,108390.79,107833.00,0.41,Baja,108384.89,0.58,Baja,NaN,NaN,NaN,NaN,NaN,NaN,NaN,NaN,NaN,NaN,NaN,NaN,NaN
2025-05-24 05:01:52,108517.11,107748.23,0.63,Baja,108517.67,0.12,Sube,NaN,NaN,NaN,NaN,NaN,NaN,NaN,NaN,NaN,NaN,NaN,NaN,NaN
2025-05-24 06:02:24,108235.70,107676.28,0.45,Baja,108234.59,0.26,Baja,NaN,NaN,NaN,NaN,NaN,NaN,NaN,NaN,NaN,NaN,NaN,NaN,NaN
2025-05-24 07:01:28,108030.22,107614.91,0.33,Baja,108030.90,0.19,Sube,NaN,NaN,NaN,NaN,NaN,NaN,NaN,NaN,NaN,NaN,NaN,NaN,NaN
2025-05-24 08:00:56,107597.77,107546.37,0.02,Baja,107596.30,0.40,Baja,NaN,NaN,NaN,NaN,NaN,NaN,NaN,NaN,NaN,NaN,NaN,NaN,NaN
2025-05-24 09:01:48,108324.31,107523.82,0.72,Baja,108326.97,0.67,Sube,NaN,NaN,NaN,NaN,NaN,NaN,NaN,NaN,NaN,NaN,NaN,NaN,NaN
2025-05-24 10:01:04,108177.28,107496.76,0.60,Baja,108173.60,0.14,Baja,NaN,NaN,NaN,NaN,NaN,NaN,NaN,NaN,NaN,NaN,NaN,NaN,NaN
2025-05-24 11:01:30,109101.62,107532.54,1.47,Baja,109093.14,0.85,Baja,NaN,NaN,NaN,NaN,NaN,NaN,NaN,NaN,NaN,NaN,NaN,NaN,NaN
2025-05-24 12:01:06,109226.80,107583.85,1.55,Baja,109229.51,0.12,Sube,NaN,NaN,NaN,NaN,NaN,NaN,NaN,NaN,NaN,NaN,NaN,NaN,NaN
2025-05-24 13:00:56,108781.71,107629.44,1.10,Baja,108779.98,0.41,Baja,NaN,NaN,NaN,NaN,NaN,NaN,NaN,NaN,NaN,NaN,NaN,NaN,NaN
2025-05-24 14:00:51,108589.59,107676.83,0.88,Baja,108590.67,0.18,Sube,NaN,NaN,NaN,NaN,NaN,NaN,NaN,NaN,NaN,NaN,NaN,NaN,NaN
2025-05-24 15:01:00,108931.66,107745.09,1.15,Baja,108931.93,0.31,Sube,NaN,NaN,NaN,NaN,NaN,NaN,NaN,NaN,NaN,NaN,NaN,NaN,NaN
2025-05-24 16:01:41,108921.99,107808.01,1.08,Baja,108923.15,0.01,Sube,NaN,NaN,NaN,NaN,NaN,NaN,NaN,NaN,NaN,NaN,NaN,NaN,NaN
2025-05-24 17:01:23,109029.99,107874.69,1.12,Baja,109002.32,0.10,Baja,NaN,NaN,NaN,NaN,NaN,NaN,NaN,NaN,NaN,NaN,NaN,NaN,NaN
2025-05-24 18:00:46,108915.47,107934.62,0.96,Baja,108914.15,0.08,Baja,NaN,NaN,NaN,NaN,NaN,NaN,NaN,NaN,NaN,NaN,NaN,NaN,NaN
2025-05-24 19:00:47,108802.53,107983.53,0.80,Baja,108803.53,0.10,Sube,NaN,NaN,NaN,NaN,NaN,NaN,NaN,NaN,NaN,NaN,NaN,NaN,NaN
2025-05-24 20:00:47,108969.49,108035.90,0.90,Baja,108970.90,0.15,Sube,NaN,NaN,NaN,NaN,NaN,NaN,NaN,NaN,NaN,NaN,NaN,NaN,NaN
2025-05-24 21:01:01,108863.61,108075.02,0.76,Baja,108863.52,0.10,Baja,NaN,NaN,NaN,NaN,NaN,NaN,NaN,NaN,NaN,NaN,NaN,NaN,NaN
2025-05-24 22:00:55,108835.51,108108.86,0.70,Baja,108836.11,0.03,Sube,NaN,NaN,NaN,NaN,NaN,NaN,NaN,NaN,NaN,NaN,NaN,NaN,NaN
2025-05-24 23:00:55,108056.79,108095.20,0.05,Sube,108061.52,0.72,Sube,NaN,NaN,NaN,NaN,NaN,NaN,NaN,NaN,NaN,NaN,NaN,NaN,NaN
2025-05-25 00:01:43,107762.40,108058.33,0.31,Sube,107766.26,0.28,Sube,NaN,NaN,NaN,NaN,NaN,NaN,NaN,NaN,NaN,NaN,NaN,NaN,NaN
2025-05-25 01:01:54,107316.19,107983.86,0.69,Sube,107312.06,0.42,Baja,NaN,NaN,NaN,NaN,NaN,NaN,NaN,NaN,NaN,NaN,NaN,NaN,NaN
2025-05-25 02:02:42,107696.96,107911.96,0.27,Sube,107695.70,0.36,Baja,NaN,NaN,NaN,NaN,NaN,NaN,NaN,NaN,NaN,NaN,NaN,NaN,NaN
2025-05-25 03:01:30,108086.62,107841.08,0.16,Baja,108105.03,0.36,Sube,NaN,NaN,NaN,NaN,NaN,NaN,NaN,NaN,NaN,NaN,NaN,NaN,NaN
2025-05-25 04:01:26,108090.89,107771.47,0.23,Baja,108097.60,0.01,Sube,NaN,NaN,NaN,NaN,NaN,NaN,NaN,NaN,NaN,NaN,NaN,NaN,NaN
2025-05-25 05:01:37,108244.35,107718.53,0.44,Baja,108228.40,0.14,Baja,NaN,NaN,NaN,NaN,NaN,NaN,NaN,NaN,NaN,NaN,NaN,NaN,NaN
2025-05-25 06:01:32,108127.28,107667.01,0.38,Baja,108122.23,0.09,Baja,NaN,NaN,NaN,NaN,NaN,NaN,NaN,NaN,NaN,NaN,NaN,NaN,NaN
2025-05-25 07:01:02,107880.42,107615.54,0.20,Baja,107888.69,0.22,Sube,NaN,NaN,NaN,NaN,NaN,NaN,NaN,NaN,NaN,NaN,NaN,NaN,NaN
2025-05-25 08:00:53,107661.09,107558.88,0.04,Baja,107721.43,0.21,Sube,NaN,NaN,NaN,NaN,NaN,NaN,NaN,NaN,NaN,NaN,NaN,NaN,NaN
2025-05-25 09:01:34,107087.77,107473.17,0.44,Sube,107078.16,0.59,Baja,NaN,NaN,NaN,NaN,NaN,NaN,NaN,NaN,NaN,NaN,NaN,NaN,NaN
2025-05-25 10:00:57,107119.99,107388.96,0.33,Sube,107117.60,0.04,Baja,NaN,NaN,NaN,NaN,NaN,NaN,NaN,NaN,NaN,NaN,NaN,NaN,NaN
2025-05-25 11:01:22,106869.21,107287.96,0.49,Sube,106875.31,0.23,Sube,NaN,NaN,NaN,NaN,NaN,NaN,NaN,NaN,NaN,NaN,NaN,NaN,NaN
2025-05-25 12:01:06,107230.34,107204.44,0.05,Baja,107249.68,0.33,Sube,NaN,NaN,NaN,NaN,NaN,NaN,NaN,NaN,NaN,NaN,NaN,NaN,NaN
2025-05-25 13:00:54,107480.00,107133.67,0.26,Baja,107480.28,0.21,Sube,NaN,NaN,NaN,NaN,NaN,NaN,NaN,NaN,NaN,NaN,NaN,NaN,NaN
2025-05-25 14:00:52,107530.00,107074.58,0.37,Baja,107528.75,0.05,Baja,NaN,NaN,NaN,NaN,NaN,NaN,NaN,NaN,NaN,NaN,NaN,NaN,NaN
2025-05-25 15:01:01,107397.89,107016.91,0.30,Baja,107390.76,0.12,Baja,NaN,NaN,NaN,NaN,NaN,NaN,NaN,NaN,NaN,NaN,NaN,NaN,NaN
2025-05-25 16:01:27,106946.80,106946.22,0.07,Baja,106971.00,0.42,Sube,NaN,NaN,NaN,NaN,NaN,NaN,NaN,NaN,NaN,NaN,NaN,NaN,NaN
2025-05-25 17:01:18,107190.47,106895.45,0.23,Baja,107202.52,0.20,Sube,NaN,NaN,NaN,NaN,NaN,NaN,NaN,NaN,NaN,NaN,NaN,NaN,NaN
2025-05-25 18:00:48,107336.23,106854.20,0.41,Baja,107324.29,0.12,Baja,NaN,NaN,NaN,NaN,NaN,NaN,NaN,NaN,NaN,NaN,NaN,NaN,NaN
2025-05-25 19:00:49,107413.94,106822.64,0.52,Baja,107416.49,0.08,Sube,NaN,NaN,NaN,NaN,NaN,NaN,NaN,NaN,NaN,NaN,NaN,NaN,NaN
2025-05-25 20:00:45,107916.29,106825.11,1.01,Baja,107905.54,0.46,Baja,NaN,NaN,NaN,NaN,NaN,NaN,NaN,NaN,NaN,NaN,NaN,NaN,NaN
2025-05-25 21:01:25,107674.01,106823.15,0.79,Baja,107677.09,0.22,Sube,NaN,NaN,NaN,NaN,NaN,NaN,NaN,NaN,NaN,NaN,NaN,NaN,NaN
2025-05-25 22:00:58,107500.00,106824.08,0.63,Baja,107513.14,0.16,Sube,NaN,NaN,NaN,NaN,NaN,NaN,NaN,NaN,NaN,NaN,NaN,NaN,NaN
2025-05-25 23:00:58,109157.99,106921.29,2.14,Baja,109133.37,1.51,Baja,NaN,NaN,NaN,NaN,NaN,NaN,NaN,NaN,NaN,NaN,NaN,NaN,NaN
2025-05-26 00:01:51,108963.95,107012.15,1.87,Baja,108965.43,0.16,Sube,NaN,NaN,NaN,NaN,NaN,NaN,NaN,NaN,NaN,NaN,NaN,NaN,NaN
2025-05-26 01:02:21,109574.11,107159.51,2.34,Baja,109597.80,0.56,Sube,NaN,NaN,NaN,NaN,NaN,NaN,NaN,NaN,NaN,NaN,NaN,NaN,NaN
2025-05-26 02:03:17,109486.30,107314.65,2.13,Baja,109500.16,0.10,Sube,NaN,NaN,NaN,NaN,NaN,NaN,NaN,NaN,NaN,NaN,NaN,NaN,NaN
2025-05-26 03:01:45,109386.99,107475.17,1.89,Baja,109340.90,0.10,Baja,NaN,NaN,NaN,NaN,NaN,NaN,NaN,NaN,NaN,NaN,NaN,NaN,NaN
2025-05-26 04:01:34,109643.04,107649.75,1.98,Baja,109647.45,0.28,Sube,NaN,NaN,NaN,NaN,NaN,NaN,NaN,NaN,NaN,NaN,NaN,NaN,NaN
2025-05-26 05:02:27,109509.73,107812.54,1.70,Baja,109481.96,0.13,Baja,NaN,NaN,NaN,NaN,NaN,NaN,NaN,NaN,NaN,NaN,NaN,NaN,NaN
2025-05-26 06:01:28,109659.83,107975.51,1.68,Baja,109658.37,0.16,Baja,NaN,NaN,NaN,NaN,NaN,NaN,NaN,NaN,NaN,NaN,NaN,NaN,NaN
2025-05-26 07:01:44,109919.13,108139.90,1.77,Baja,109924.36,0.24,Sube,NaN,NaN,NaN,NaN,NaN,NaN,NaN,NaN,NaN,NaN,NaN,NaN,NaN
2025-05-26 08:00:56,110051.76,108299.59,1.74,Baja,110055.15,0.12,Sube,NaN,NaN,NaN,NaN,NaN,NaN,NaN,NaN,NaN,NaN,NaN,NaN,NaN
2025-05-26 09:02:39,109600.00,108425.93,1.19,Baja,109603.60,0.42,Sube,NaN,NaN,NaN,NaN,NaN,NaN,NaN,NaN,NaN,NaN,NaN,NaN,NaN
2025-05-26 10:01:38,109705.17,108544.97,1.17,Baja,109676.67,0.09,Baja,NaN,NaN,NaN,NaN,NaN,NaN,NaN,NaN,NaN,NaN,NaN,NaN,NaN
2025-05-26 11:01:53,109643.55,108641.73,1.00,Baja,109644.10,0.03,Sube,NaN,NaN,NaN,NaN,NaN,NaN,NaN,NaN,NaN,NaN,NaN,NaN,NaN
2025-05-26 12:01:43,109818.78,108729.55,1.07,Baja,109814.71,0.16,Baja,NaN,NaN,NaN,NaN,NaN,NaN,NaN,NaN,NaN,NaN,NaN,NaN,NaN
2025-05-26 13:03:35,109892.49,108807.40,1.06,Baja,109891.18,0.07,Baja,NaN,NaN,NaN,NaN,NaN,NaN,NaN,NaN,NaN,NaN,NaN,NaN,NaN
2025-05-26 14:01:28,109591.83,108857.42,0.72,Baja,109584.35,0.27,Baja,NaN,NaN,NaN,NaN,NaN,NaN,NaN,NaN,NaN,NaN,NaN,NaN,NaN
2025-05-26 15:01:23,109681.83,108902.73,0.75,Baja,109682.34,0.09,Sube,NaN,NaN,NaN,NaN,NaN,NaN,NaN,NaN,NaN,NaN,NaN,NaN,NaN
2025-05-26 16:01:32,110091.73,108958.66,1.08,Baja,110086.28,0.37,Baja,NaN,NaN,NaN,NaN,NaN,NaN,NaN,NaN,NaN,NaN,NaN,NaN,NaN
2025-05-26 17:01:27,109351.29,108967.22,0.36,Baja,109371.48,0.67,Sube,NaN,NaN,NaN,NaN,NaN,NaN,NaN,NaN,NaN,NaN,NaN,NaN,NaN
2025-05-26 18:00:52,109171.02,108963.69,0.19,Baja,109181.26,0.18,Sube,NaN,NaN,NaN,NaN,NaN,NaN,NaN,NaN,NaN,NaN,NaN,NaN,NaN
2025-05-26 19:00:56,109048.94,108944.48,0.08,Baja,109061.15,0.12,Sube,NaN,NaN,NaN,NaN,NaN,NaN,NaN,NaN,NaN,NaN,NaN,NaN,NaN
2025-05-26 20:00:57,109111.42,108918.28,0.15,Baja,109112.41,0.05,Sube,NaN,NaN,NaN,NaN,NaN,NaN,NaN,NaN,NaN,NaN,NaN,NaN,NaN
2025-05-26 21:01:23,109629.85,108907.02,0.65,Baja,109626.46,0.47,Baja,NaN,NaN,NaN,NaN,NaN,NaN,NaN,NaN,NaN,NaN,NaN,NaN,NaN
2025-05-26 22:01:20,109343.97,108879.61,0.40,Baja,109315.88,0.26,Baja,NaN,NaN,NaN,NaN,NaN,NaN,NaN,NaN,NaN,NaN,NaN,NaN,NaN
2025-05-26 23:01:24,109190.48,108849.43,0.28,Baja,109195.21,0.11,Sube,NaN,NaN,NaN,NaN,NaN,NaN,NaN,NaN,NaN,NaN,NaN,NaN,NaN
2025-05-27 00:01:56,109398.46,108831.85,0.50,Baja,109406.12,0.19,Sube,NaN,NaN,NaN,NaN,NaN,NaN,NaN,NaN,NaN,NaN,NaN,NaN,NaN
2025-05-27 01:03:22,109100.71,108799.22,0.25,Baja,109128.81,0.28,Sube,NaN,NaN,NaN,NaN,NaN,NaN,NaN,NaN,NaN,NaN,NaN,NaN,NaN
2025-05-27 02:03:15,108487.05,108731.44,0.29,Sube,108496.39,0.59,Sube,NaN,NaN,NaN,NaN,NaN,NaN,NaN,NaN,NaN,NaN,NaN,NaN,NaN
2025-05-27 03:01:47,108395.74,108652.68,0.31,Sube,108307.41,0.09,Baja,NaN,NaN,NaN,NaN,NaN,NaN,NaN,NaN,NaN,NaN,NaN,NaN,NaN
2025-05-27 04:01:43,108907.25,108596.60,0.23,Baja,108914.39,0.55,Sube,NaN,NaN,NaN,NaN,NaN,NaN,NaN,NaN,NaN,NaN,NaN,NaN,NaN
2025-05-27 05:01:55,108947.19,108538.91,0.32,Baja,108958.54,0.03,Sube,NaN,NaN,NaN,NaN,NaN,NaN,NaN,NaN,NaN,NaN,NaN,NaN,NaN
2025-05-27 06:01:40,108941.00,108487.45,0.37,Baja,108956.66,0.02,Sube,NaN,NaN,NaN,NaN,NaN,NaN,NaN,NaN,NaN,NaN,NaN,NaN,NaN
2025-05-27 07:01:42,108873.00,108439.23,0.35,Baja,108879.17,0.08,Sube,NaN,NaN,NaN,NaN,NaN,NaN,NaN,NaN,NaN,NaN,NaN,NaN,NaN
2025-05-27 08:01:34,109722.95,108436.14,1.17,Baja,109724.08,0.77,Sube,NaN,NaN,NaN,NaN,NaN,NaN,NaN,NaN,NaN,NaN,NaN,NaN,NaN
2025-05-27 09:02:17,109726.09,108444.51,1.18,Baja,109716.66,0.00,Baja,NaN,NaN,NaN,NaN,NaN,NaN,NaN,NaN,NaN,NaN,NaN,NaN,NaN
2025-05-27 10:01:11,109843.03,108478.05,1.27,Baja,109826.26,0.12,Baja,NaN,NaN,NaN,NaN,NaN,NaN,NaN,NaN,NaN,NaN,NaN,NaN,NaN
2025-05-27 11:01:33,109680.76,108517.95,1.10,Baja,109681.49,0.13,Sube,NaN,NaN,NaN,NaN,NaN,NaN,NaN,NaN,NaN,NaN,NaN,NaN,NaN
2025-05-27 12:01:50,109581.25,108562.39,0.97,Baja,109582.16,0.09,Sube,NaN,NaN,NaN,NaN,NaN,NaN,NaN,NaN,NaN,NaN,NaN,NaN,NaN
2025-05-27 13:02:44,109630.11,108611.73,0.97,Baja,109668.03,0.04,Sube,NaN,NaN,NaN,NaN,NaN,NaN,NaN,NaN,NaN,NaN,NaN,NaN,NaN
2025-05-27 14:01:37,109974.12,108676.39,1.24,Baja,109968.64,0.28,Baja,NaN,NaN,NaN,NaN,NaN,NaN,NaN,NaN,NaN,NaN,NaN,NaN,NaN
2025-05-27 15:01:26,109291.30,108702.19,0.56,Baja,109288.34,0.62,Baja,NaN,NaN,NaN,NaN,NaN,NaN,NaN,NaN,NaN,NaN,NaN,NaN,NaN
2025-05-27 16:01:37,110158.05,108777.56,1.32,Baja,110127.66,0.79,Baja,NaN,NaN,NaN,NaN,NaN,NaN,NaN,NaN,NaN,NaN,NaN,NaN,NaN
2025-05-27 17:00:55,110233.23,108847.11,1.32,Baja,110243.95,0.10,Sube,NaN,NaN,NaN,NaN,NaN,NaN,NaN,NaN,NaN,NaN,NaN,NaN,NaN
2025-05-27 18:00:50,110232.44,108921.20,1.26,Baja,110216.34,0.01,Baja,NaN,NaN,NaN,NaN,NaN,NaN,NaN,NaN,NaN,NaN,NaN,NaN,NaN
2025-05-27 19:00:53,109897.52,108978.47,0.89,Baja,109896.76,0.29,Baja,NaN,NaN,NaN,NaN,NaN,NaN,NaN,NaN,NaN,NaN,NaN,NaN,NaN
2025-05-27 20:00:53,109871.83,109030.15,0.81,Baja,109866.42,0.02,Baja,NaN,NaN,NaN,NaN,NaN,NaN,NaN,NaN,NaN,NaN,NaN,NaN,NaN
2025-05-27 21:01:22,109580.79,109059.04,0.50,Baja,109630.70,0.26,Sube,NaN,NaN,NaN,NaN,NaN,NaN,NaN,NaN,NaN,NaN,NaN,NaN,NaN
2025-05-27 22:01:16,108880.47,109040.71,0.16,Sube,108910.13,0.69,Sube,NaN,NaN,NaN,NaN,NaN,NaN,NaN,NaN,NaN,NaN,NaN,NaN,NaN
2025-05-27 23:01:09,109034.83,109017.49,0.01,Baja,109030.11,0.11,Baja,NaN,NaN,NaN,NaN,NaN,NaN,NaN,NaN,NaN,NaN,NaN,NaN,NaN
2025-05-28 00:01:50,108863.64,108970.69,0.14,Sube,108942.12,0.15,Sube,NaN,NaN,NaN,NaN,NaN,NaN,NaN,NaN,NaN,NaN,NaN,NaN,NaN
2025-05-28 01:02:45,109218.08,108931.05,0.23,Baja,109308.14,0.25,Sube,NaN,NaN,NaN,NaN,NaN,NaN,NaN,NaN,NaN,NaN,NaN,NaN,NaN
2025-05-28 02:02:54,108754.53,108853.51,0.16,Sube,108722.29,0.51,Baja,NaN,NaN,NaN,NaN,NaN,NaN,NaN,NaN,NaN,NaN,NaN,NaN,NaN
2025-05-28 03:01:47,108590.04,108773.81,0.24,Sube,108556.71,0.12,Baja,NaN,NaN,NaN,NaN,NaN,NaN,NaN,NaN,NaN,NaN,NaN,NaN,NaN
2025-05-28 04:01:43,108806.14,108704.13,0.03,Baja,108983.87,0.23,Sube,NaN,NaN,NaN,NaN,NaN,NaN,NaN,NaN,NaN,NaN,NaN,NaN,NaN
2025-05-28 05:02:04,108960.87,108640.08,0.24,Baja,108855.35,0.02,Baja,NaN,NaN,NaN,NaN,NaN,NaN,NaN,NaN,NaN,NaN,NaN,NaN,NaN
2025-05-28 06:01:37,108959.99,108583.18,0.29,Baja,109018.12,0.10,Sube,NaN,NaN,NaN,NaN,NaN,NaN,NaN,NaN,NaN,NaN,NaN,NaN,NaN
2025-05-28 07:01:28,108740.17,108520.87,0.14,Baja,108666.88,0.26,Baja,NaN,NaN,NaN,NaN,NaN,NaN,NaN,NaN,NaN,NaN,NaN,NaN,NaN
2025-05-28 08:01:27,108828.62,108470.42,0.28,Baja,108823.56,0.15,Baja,NaN,NaN,NaN,NaN,NaN,NaN,NaN,NaN,NaN,NaN,NaN,NaN,NaN
2025-05-28 09:02:23,108970.70,108435.22,0.46,Baja,108992.33,0.14,Sube,NaN,NaN,NaN,NaN,NaN,NaN,NaN,NaN,NaN,NaN,NaN,NaN,NaN
2025-05-28 10:01:01,108689.65,108390.30,0.23,Baja,108720.52,0.28,Sube,NaN,NaN,NaN,NaN,NaN,NaN,NaN,NaN,NaN,NaN,NaN,NaN,NaN
2025-05-28 11:01:28,108849.12,108360.31,0.42,Baja,108843.07,0.12,Baja,NaN,NaN,NaN,NaN,NaN,NaN,NaN,NaN,NaN,NaN,NaN,NaN,NaN
2025-05-28 12:01:37,108906.68,108334.45,0.50,Baja,108903.67,0.06,Baja,NaN,NaN,NaN,NaN,NaN,NaN,NaN,NaN,NaN,NaN,NaN,NaN,NaN
2025-05-28 13:02:20,108848.94,108311.99,0.47,Baja,108847.39,0.05,Baja,NaN,NaN,NaN,NaN,NaN,NaN,NaN,NaN,NaN,NaN,NaN,NaN,NaN
2025-05-28 14:01:21,108047.80,108250.99,0.24,Sube,108088.64,0.74,Sube,NaN,NaN,NaN,NaN,NaN,NaN,NaN,NaN,NaN,NaN,NaN,NaN,NaN
2025-05-28 15:01:21,107557.86,108161.73,0.64,Sube,107456.50,0.49,Baja,NaN,NaN,NaN,NaN,NaN,NaN,NaN,NaN,NaN,NaN,NaN,NaN,NaN
2025-05-28 16:01:27,107173.56,108043.62,0.92,Sube,107172.80,0.26,Baja,NaN,NaN,NaN,NaN,NaN,NaN,NaN,NaN,NaN,NaN,NaN,NaN,NaN
2025-05-28 17:00:53,107438.42,107925.16,0.56,Sube,107434.66,0.25,Baja,NaN,NaN,NaN,NaN,NaN,NaN,NaN,NaN,NaN,NaN,NaN,NaN,NaN
2025-05-28 18:00:49,107667.99,107811.61,0.24,Sube,107673.65,0.22,Sube,NaN,NaN,NaN,NaN,NaN,NaN,NaN,NaN,NaN,NaN,NaN,NaN,NaN
2025-05-28 19:00:53,107448.30,107687.60,0.34,Sube,107450.06,0.21,Sube,NaN,NaN,NaN,NaN,NaN,NaN,NaN,NaN,NaN,NaN,NaN,NaN,NaN
2025-05-28 20:00:50,106898.29,107545.98,0.74,Sube,106754.09,0.52,Baja,NaN,NaN,NaN,NaN,NaN,NaN,NaN,NaN,NaN,NaN,NaN,NaN,NaN
2025-05-28 21:01:22,107280.89,107431.12,0.25,Sube,107293.16,0.49,Sube,NaN,NaN,NaN,NaN,NaN,NaN,NaN,NaN,NaN,NaN,NaN,NaN,NaN
2025-05-28 22:01:11,107477.28,107327.04,0.04,Baja,107572.45,0.17,Sube,NaN,NaN,NaN,NaN,NaN,NaN,NaN,NaN,NaN,NaN,NaN,NaN,NaN
2025-05-28 23:01:23,107435.99,107230.69,0.10,Baja,107438.76,0.13,Sube,NaN,NaN,NaN,NaN,NaN,NaN,NaN,NaN,NaN,NaN,NaN,NaN,NaN
2025-05-29 00:01:56,107790.09,107168.10,0.52,Baja,107839.55,0.33,Sube,NaN,NaN,NaN,NaN,NaN,NaN,NaN,NaN,NaN,NaN,NaN,NaN,NaN
2025-05-29 01:03:14,108231.51,107145.05,0.98,Baja,108054.96,0.36,Baja,NaN,NaN,NaN,NaN,NaN,NaN,NaN,NaN,NaN,NaN,NaN,NaN,NaN
2025-05-29 02:02:33,108147.18,107134.41,0.93,Baja,108280.96,0.09,Sube,NaN,NaN,NaN,NaN,NaN,NaN,NaN,NaN,NaN,NaN,NaN,NaN,NaN
2025-05-29 03:01:48,108430.76,107157.49,1.20,Baja,108444.49,0.14,Sube,NaN,NaN,NaN,NaN,NaN,NaN,NaN,NaN,NaN,NaN,NaN,NaN,NaN
2025-05-29 04:01:40,108050.58,107173.00,0.83,Baja,108075.95,0.36,Sube,NaN,NaN,NaN,NaN,NaN,NaN,NaN,NaN,NaN,NaN,NaN,NaN,NaN
2025-05-29 05:02:01,107504.55,107172.46,0.31,Baja,107509.61,0.53,Sube,NaN,NaN,NaN,NaN,NaN,NaN,NaN,NaN,NaN,NaN,NaN,NaN,NaN
2025-05-29 06:01:45,107677.29,107180.73,0.47,Baja,107638.50,0.16,Baja,NaN,NaN,NaN,NaN,NaN,NaN,NaN,NaN,NaN,NaN,NaN,NaN,NaN
2025-05-29 07:01:39,107891.02,107193.23,0.66,Baja,107884.24,0.23,Baja,NaN,NaN,NaN,NaN,NaN,NaN,NaN,NaN,NaN,NaN,NaN,NaN,NaN
2025-05-29 08:01:54,107870.00,107199.23,0.63,Baja,107892.45,0.01,Sube,NaN,NaN,NaN,NaN,NaN,NaN,NaN,NaN,NaN,NaN,NaN,NaN,NaN
2025-05-29 09:03:09,108510.71,107240.49,1.21,Baja,108519.20,0.57,Sube,NaN,NaN,NaN,NaN,NaN,NaN,NaN,NaN,NaN,NaN,NaN,NaN,NaN
2025-05-29 10:01:40,108520.77,107283.42,1.18,Baja,108502.87,0.00,Baja,NaN,NaN,NaN,NaN,NaN,NaN,NaN,NaN,NaN,NaN,NaN,NaN,NaN
2025-05-29 11:01:40,108756.24,107350.42,1.35,Baja,108772.19,0.23,Sube,NaN,NaN,NaN,NaN,NaN,NaN,NaN,NaN,NaN,NaN,NaN,NaN,NaN
2025-05-29 12:01:44,108776.99,107420.87,1.31,Baja,108766.89,0.00,Baja,NaN,NaN,NaN,NaN,NaN,NaN,NaN,NaN,NaN,NaN,NaN,NaN,NaN
2025-05-29 13:02:34,108409.10,107477.68,0.91,Baja,108393.57,0.33,Baja,NaN,NaN,NaN,NaN,NaN,NaN,NaN,NaN,NaN,NaN,NaN,NaN,NaN
2025-05-29 14:01:20,107629.83,107489.83,0.14,Baja,107666.25,0.71,Sube,NaN,NaN,NaN,NaN,NaN,NaN,NaN,NaN,NaN,NaN,NaN,NaN,NaN
2025-05-29 15:01:35,107719.99,107503.91,0.21,Baja,107715.84,0.05,Baja,NaN,NaN,NaN,NaN,NaN,NaN,NaN,NaN,NaN,NaN,NaN,NaN,NaN
2025-05-29 16:01:46,107055.70,107460.36,0.42,Sube,107079.37,0.62,Sube,NaN,NaN,NaN,NaN,NaN,NaN,NaN,NaN,NaN,NaN,NaN,NaN,NaN
2025-05-29 17:01:00,106878.25,107393.30,0.54,Sube,106880.26,0.19,Sube,NaN,NaN,NaN,NaN,NaN,NaN,NaN,NaN,NaN,NaN,NaN,NaN,NaN
2025-05-29 18:00:59,106317.12,107279.19,1.01,Sube,106316.03,0.53,Baja,NaN,NaN,NaN,NaN,NaN,NaN,NaN,NaN,NaN,NaN,NaN,NaN,NaN
2025-05-29 19:00:56,105935.97,107138.81,1.27,Sube,105922.20,0.36,Baja,NaN,NaN,NaN,NaN,NaN,NaN,NaN,NaN,NaN,NaN,NaN,NaN,NaN
2025-05-29 20:00:54,105763.01,106968.46,1.30,Sube,105798.83,0.15,Sube,NaN,NaN,NaN,NaN,NaN,NaN,NaN,NaN,NaN,NaN,NaN,NaN,NaN
2025-05-29 21:01:31,106184.09,106809.52,0.74,Sube,106229.16,0.36,Sube,NaN,NaN,NaN,NaN,NaN,NaN,NaN,NaN,NaN,NaN,NaN,NaN,NaN
2025-05-29 22:01:29,106443.01,106661.02,0.34,Sube,106454.58,0.20,Sube,NaN,NaN,NaN,NaN,NaN,NaN,NaN,NaN,NaN,NaN,NaN,NaN,NaN
2025-05-29 23:01:27,105973.11,106495.14,0.65,Sube,106014.35,0.45,Sube,NaN,NaN,NaN,NaN,NaN,NaN,NaN,NaN,NaN,NaN,NaN,NaN,NaN
2025-05-30 00:02:00,105716.01,106328.55,0.74,Sube,105817.06,0.28,Sube,NaN,NaN,NaN,NaN,NaN,NaN,NaN,NaN,NaN,NaN,NaN,NaN,NaN
2025-05-30 01:03:36,105180.00,106135.34,1.09,Sube,105145.60,0.61,Baja,NaN,NaN,NaN,NaN,NaN,NaN,NaN,NaN,NaN,NaN,NaN,NaN,NaN
2025-05-30 02:03:17,105652.49,105981.16,0.46,Sube,105742.82,0.48,Sube,NaN,NaN,NaN,NaN,NaN,NaN,NaN,NaN,NaN,NaN,NaN,NaN,NaN
2025-05-30 03:01:48,105982.69,105851.29,0.00,Baja,105950.12,0.23,Baja,NaN,NaN,NaN,NaN,NaN,NaN,NaN,NaN,NaN,NaN,NaN,NaN,NaN
2025-05-30 04:01:52,105994.66,105738.77,0.14,Baja,106036.96,0.04,Sube,NaN,NaN,NaN,NaN,NaN,NaN,NaN,NaN,NaN,NaN,NaN,NaN,NaN
2025-05-30 05:02:28,106154.69,105653.91,0.39,Baja,106141.62,0.11,Baja,NaN,NaN,NaN,NaN,NaN,NaN,NaN,NaN,NaN,NaN,NaN,NaN,NaN
2025-05-30 06:01:45,106090.75,105584.37,0.41,Baja,106083.65,0.05,Baja,NaN,NaN,NaN,NaN,NaN,NaN,NaN,NaN,NaN,NaN,NaN,NaN,NaN
2025-05-30 07:01:54,105716.70,105514.53,0.13,Baja,105730.89,0.35,Sube,NaN,NaN,NaN,NaN,NaN,NaN,NaN,NaN,NaN,NaN,NaN,NaN,NaN
2025-05-30 08:01:29,105131.19,105421.64,0.36,Sube,105142.23,0.57,Sube,NaN,NaN,NaN,NaN,NaN,NaN,NaN,NaN,NaN,NaN,NaN,NaN,NaN
2025-05-30 09:02:32,105315.72,105341.39,0.10,Sube,105397.06,0.16,Sube,NaN,NaN,NaN,NaN,NaN,NaN,NaN,NaN,NaN,NaN,NaN,NaN,NaN
2025-05-30 10:01:33,105587.17,105275.56,0.23,Baja,105518.87,0.18,Baja,NaN,NaN,NaN,NaN,NaN,NaN,NaN,NaN,NaN,NaN,NaN,NaN,NaN
2025-05-30 11:01:40,105848.02,105233.10,0.54,Baja,105784.63,0.31,Baja,NaN,NaN,NaN,NaN,NaN,NaN,NaN,NaN,NaN,NaN,NaN,NaN,NaN
2025-05-30 12:01:46,105890.96,105203.61,0.62,Baja,105872.38,0.10,Baja,NaN,NaN,NaN,NaN,NaN,NaN,NaN,NaN,NaN,NaN,NaN,NaN,NaN
2025-05-30 13:02:33,105725.09,105175.20,0.49,Baja,105770.12,0.14,Sube,NaN,NaN,NaN,NaN,NaN,NaN,NaN,NaN,NaN,NaN,NaN,NaN,NaN
2025-05-30 14:01:21,105509.31,105144.67,0.32,Baja,105471.10,0.25,Baja,NaN,NaN,NaN,NaN,NaN,NaN,NaN,NaN,NaN,NaN,NaN,NaN,NaN
2025-05-30 15:01:33,105328.80,105112.40,0.17,Baja,105298.67,0.14,Baja,NaN,NaN,NaN,NaN,NaN,NaN,NaN,NaN,NaN,NaN,NaN,NaN,NaN
2025-05-30 16:01:35,105528.81,105091.27,0.39,Baja,105607.17,0.22,Sube,NaN,NaN,NaN,NaN,NaN,NaN,NaN,NaN,NaN,NaN,NaN,NaN,NaN
2025-05-30 17:00:58,103948.14,104981.22,1.10,Sube,103886.03,1.60,Baja,NaN,NaN,NaN,NaN,NaN,NaN,NaN,NaN,NaN,NaN,NaN,NaN,NaN
2025-05-30 18:00:56,104234.05,104883.16,0.72,Sube,104205.23,0.33,Baja,NaN,NaN,NaN,NaN,NaN,NaN,NaN,NaN,NaN,NaN,NaN,NaN,NaN
2025-05-30 19:00:56,104892.73,104806.16,0.01,Baja,104807.14,0.66,Baja,NaN,NaN,NaN,NaN,NaN,NaN,NaN,NaN,NaN,NaN,NaN,NaN,NaN
2025-05-30 20:00:55,104603.43,104706.04,0.19,Sube,104594.36,0.19,Baja,NaN,NaN,NaN,NaN,NaN,NaN,NaN,NaN,NaN,NaN,NaN,NaN,NaN
2025-05-30 21:01:26,104567.99,104611.25,0.13,Sube,104565.53,0.03,Baja,NaN,NaN,NaN,NaN,NaN,NaN,NaN,NaN,NaN,NaN,NaN,NaN,NaN
2025-05-30 22:01:18,104632.52,104526.65,0.02,Baja,104586.67,0.06,Baja,NaN,NaN,NaN,NaN,NaN,NaN,NaN,NaN,NaN,NaN,NaN,NaN,NaN
2025-05-30 23:01:07,104020.01,104415.33,0.49,Sube,104013.54,0.54,Baja,NaN,NaN,NaN,NaN,NaN,NaN,NaN,NaN,NaN,NaN,NaN,NaN,NaN
2025-05-31 00:01:52,104127.90,104311.51,0.28,Sube,104145.11,0.11,Sube,NaN,NaN,NaN,NaN,NaN,NaN,NaN,NaN,NaN,NaN,NaN,NaN,NaN
2025-05-31 01:03:11,103974.85,104201.64,0.32,Sube,103981.43,0.16,Sube,NaN,NaN,NaN,NaN,NaN,NaN,NaN,NaN,NaN,NaN,NaN,NaN,NaN
2025-05-31 02:02:26,103491.49,104070.73,0.69,Sube,103507.53,0.47,Sube,NaN,NaN,NaN,NaN,NaN,NaN,NaN,NaN,NaN,NaN,NaN,NaN,NaN
2025-05-31 03:01:27,103250.68,103928.75,0.79,Sube,103257.28,0.25,Sube,NaN,NaN,NaN,NaN,NaN,NaN,NaN,NaN,NaN,NaN,NaN,NaN,NaN
2025-05-31 04:01:23,103634.02,103812.49,0.28,Sube,103639.49,0.36,Sube,NaN,NaN,NaN,NaN,NaN,NaN,NaN,NaN,NaN,NaN,NaN,NaN,NaN
2025-05-31 05:01:41,103795.42,103706.79,0.02,Baja,103804.97,0.15,Sube,NaN,NaN,NaN,NaN,NaN,NaN,NaN,NaN,NaN,NaN,NaN,NaN,NaN
2025-05-31 06:01:32,103552.42,103599.08,0.15,Sube,103566.59,0.24,Sube,NaN,NaN,NaN,NaN,NaN,NaN,NaN,NaN,NaN,NaN,NaN,NaN,NaN
2025-05-31 07:01:05,103843.86,103522.00,0.24,Baja,103847.36,0.27,Sube,NaN,NaN,NaN,NaN,NaN,NaN,NaN,NaN,NaN,NaN,NaN,NaN,NaN
2025-05-31 08:00:53,103750.09,103449.77,0.22,Baja,103750.75,0.09,Sube,NaN,NaN,NaN,NaN,NaN,NaN,NaN,NaN,NaN,NaN,NaN,NaN,NaN
2025-05-31 09:01:35,103648.29,103385.91,0.19,Baja,103652.20,0.10,Sube,NaN,NaN,NaN,NaN,NaN,NaN,NaN,NaN,NaN,NaN,NaN,NaN,NaN
2025-05-31 10:00:52,103530.32,103326.74,0.14,Baja,103615.67,0.12,Sube,NaN,NaN,NaN,NaN,NaN,NaN,NaN,NaN,NaN,NaN,NaN,NaN,NaN
2025-05-31 11:01:01,103410.05,103268.50,0.08,Baja,103419.84,0.20,Sube,NaN,NaN,NaN,NaN,NaN,NaN,NaN,NaN,NaN,NaN,NaN,NaN,NaN
2025-05-31 12:01:03,103485.63,103220.13,0.21,Baja,103424.34,0.06,Baja,NaN,NaN,NaN,NaN,NaN,NaN,NaN,NaN,NaN,NaN,NaN,NaN,NaN
2025-05-31 13:00:57,103994.20,103203.68,0.74,Baja,103979.56,0.55,Baja,NaN,NaN,NaN,NaN,NaN,NaN,NaN,NaN,NaN,NaN,NaN,NaN,NaN
2025-05-31 14:00:52,104117.30,103199.11,0.88,Baja,104142.85,0.13,Sube,NaN,NaN,NaN,NaN,NaN,NaN,NaN,NaN,NaN,NaN,NaN,NaN,NaN
2025-05-31 15:00:56,104570.75,103231.95,1.31,Baja,104576.99,0.41,Sube,NaN,NaN,NaN,NaN,NaN,NaN,NaN,NaN,NaN,NaN,NaN,NaN,NaN
2025-05-31 16:01:20,104574.86,103275.52,1.28,Baja,104591.21,0.00,Sube,NaN,NaN,NaN,NaN,NaN,NaN,NaN,NaN,NaN,NaN,NaN,NaN,NaN
2025-05-31 17:00:52,104490.57,103327.86,1.16,Baja,104492.23,0.10,Sube,NaN,NaN,NaN,NaN,NaN,NaN,NaN,NaN,NaN,NaN,NaN,NaN,NaN
2025-05-31 18:00:47,104349.06,103379.94,0.98,Baja,104344.26,0.14,Baja,NaN,NaN,NaN,NaN,NaN,NaN,NaN,NaN,NaN,NaN,NaN,NaN,NaN
2025-05-31 19:00:49,104487.81,103441.91,1.06,Baja,104482.44,0.14,Baja,NaN,NaN,NaN,NaN,NaN,NaN,NaN,NaN,NaN,NaN,NaN,NaN,NaN
2025-05-31 20:00:51,104708.65,103512.93,1.21,Baja,104696.00,0.22,Baja,NaN,NaN,NaN,NaN,NaN,NaN,NaN,NaN,NaN,NaN,NaN,NaN,NaN
2025-05-31 21:01:02,104781.83,103586.04,1.21,Baja,104781.09,0.08,Baja,NaN,NaN,NaN,NaN,NaN,NaN,NaN,NaN,NaN,NaN,NaN,NaN,NaN
2025-05-31 22:00:56,104881.29,103661.48,1.23,Baja,104865.25,0.10,Baja,NaN,NaN,NaN,NaN,NaN,NaN,NaN,NaN,NaN,NaN,NaN,NaN,NaN
2025-05-31 23:00:55,104630.31,103722.21,0.93,Baja,104651.70,0.22,Sube,NaN,NaN,NaN,NaN,NaN,NaN,NaN,NaN,NaN,NaN,NaN,NaN,NaN
2025-06-01 00:01:49,104608.88,103778.76,0.85,Baja,104608.88,0.04,Sube,NaN,NaN,NaN,NaN,NaN,NaN,NaN,NaN,NaN,NaN,NaN,NaN,NaN
2025-06-01 01:02:18,104429.93,103817.84,0.62,Baja,104447.52,0.17,Sube,NaN,NaN,NaN,NaN,NaN,NaN,NaN,NaN,NaN,NaN,NaN,NaN,NaN
2025-06-01 02:02:30,104126.29,103832.50,0.30,Baja,104130.63,0.31,Sube,NaN,NaN,NaN,NaN,NaN,NaN,NaN,NaN,NaN,NaN,NaN,NaN,NaN
2025-06-01 03:01:34,104199.19,103841.65,0.35,Baja,104202.52,0.07,Sube,NaN,NaN,NaN,NaN,NaN,NaN,NaN,NaN,NaN,NaN,NaN,NaN,NaN
2025-06-01 04:01:43,104399.99,103849.65,0.53,Baja,104395.43,0.19,Baja,NaN,NaN,NaN,NaN,NaN,NaN,NaN,NaN,NaN,NaN,NaN,NaN,NaN
2025-06-01 05:02:18,104631.33,103863.39,0.75,Baja,104615.07,0.23,Baja,NaN,NaN,NaN,NaN,NaN,NaN,NaN,NaN,NaN,NaN,NaN,NaN,NaN
2025-06-01 06:01:37,104522.75,103869.71,0.63,Baja,104529.15,0.09,Sube,NaN,NaN,NaN,NaN,NaN,NaN,NaN,NaN,NaN,NaN,NaN,NaN,NaN
2025-06-01 07:01:37,104264.53,103862.05,0.38,Baja,104240.91,0.25,Baja,NaN,NaN,NaN,NaN,NaN,NaN,NaN,NaN,NaN,NaN,NaN,NaN,NaN
2025-06-01 08:01:00,104275.93,103855.83,0.40,Baja,104257.48,0.03,Baja,NaN,NaN,NaN,NaN,NaN,NaN,NaN,NaN,NaN,NaN,NaN,NaN,NaN
2025-06-01 09:01:36,104434.41,103852.52,0.55,Baja,104412.63,0.17,Baja,NaN,NaN,NaN,NaN,NaN,NaN,NaN,NaN,NaN,NaN,NaN,NaN,NaN
2025-06-01 10:00:54,103869.03,103816.13,0.02,Baja,103887.30,0.52,Sube,NaN,NaN,NaN,NaN,NaN,NaN,NaN,NaN,NaN,NaN,NaN,NaN,NaN
2025-06-01 11:01:38,103915.15,103782.05,0.10,Baja,103925.97,0.03,Sube,NaN,NaN,NaN,NaN,NaN,NaN,NaN,NaN,NaN,NaN,NaN,NaN,NaN
2025-06-01 12:01:18,104082.77,103750.37,0.29,Baja,104108.31,0.15,Sube,NaN,NaN,NaN,NaN,NaN,NaN,NaN,NaN,NaN,NaN,NaN,NaN,NaN
2025-06-01 13:01:00,103956.23,103709.83,0.20,Baja,103915.39,0.15,Baja,NaN,NaN,NaN,NaN,NaN,NaN,NaN,NaN,NaN,NaN,NaN,NaN,NaN
2025-06-01 14:00:59,104289.85,103687.14,0.56,Baja,104235.52,0.36,Baja,NaN,NaN,NaN,NaN,NaN,NaN,NaN,NaN,NaN,NaN,NaN,NaN,NaN
2025-06-01 15:01:02,104617.33,103685.71,0.89,Baja,104613.89,0.36,Baja,NaN,NaN,NaN,NaN,NaN,NaN,NaN,NaN,NaN,NaN,NaN,NaN,NaN
2025-06-01 16:01:50,104715.11,103696.49,0.98,Baja,104712.60,0.10,Baja,NaN,NaN,NaN,NaN,NaN,NaN,NaN,NaN,NaN,NaN,NaN,NaN,NaN
2025-06-01 17:00:52,105050.16,103736.07,1.29,Baja,105046.65,0.32,Baja,NaN,NaN,NaN,NaN,NaN,NaN,NaN,NaN,NaN,NaN,NaN,NaN,NaN
2025-06-01 18:00:48,105066.33,103786.11,1.27,Baja,105049.70,0.02,Baja,NaN,NaN,NaN,NaN,NaN,NaN,NaN,NaN,NaN,NaN,NaN,NaN,NaN
2025-06-01 19:00:57,104889.90,103834.00,1.05,Baja,104894.65,0.15,Sube,NaN,NaN,NaN,NaN,NaN,NaN,NaN,NaN,NaN,NaN,NaN,NaN,NaN
2025-06-01 20:00:47,105144.88,103901.55,1.25,Baja,105147.61,0.24,Sube,NaN,NaN,NaN,NaN,NaN,NaN,NaN,NaN,NaN,NaN,NaN,NaN,NaN
2025-06-01 21:01:01,104948.90,103959.09,1.00,Baja,104957.55,0.19,Sube,NaN,NaN,NaN,NaN,NaN,NaN,NaN,NaN,NaN,NaN,NaN,NaN,NaN
2025-06-01 22:00:54,105469.88,104046.67,1.43,Baja,105467.05,0.49,Baja,NaN,NaN,NaN,NaN,NaN,NaN,NaN,NaN,NaN,NaN,NaN,NaN,NaN
2025-06-01 23:00:53,105512.20,104132.89,1.39,Baja,105518.37,0.04,Sube,NaN,NaN,NaN,NaN,NaN,NaN,NaN,NaN,NaN,NaN,NaN,NaN,NaN
2025-06-02 00:01:34,105616.69,104226.96,1.40,Baja,105615.14,0.09,Baja,NaN,NaN,NaN,NaN,NaN,NaN,NaN,NaN,NaN,NaN,NaN,NaN,NaN
2025-06-02 01:02:23,105459.38,104309.99,1.17,Baja,105456.02,0.15,Baja,NaN,NaN,NaN,NaN,NaN,NaN,NaN,NaN,NaN,NaN,NaN,NaN,NaN
2025-06-02 02:02:25,105378.31,104387.78,1.01,Baja,105374.61,0.07,Baja,NaN,NaN,NaN,NaN,NaN,NaN,NaN,NaN,NaN,NaN,NaN,NaN,NaN
2025-06-02 03:01:29,105026.33,104438.53,0.61,Baja,105039.52,0.33,Sube,NaN,NaN,NaN,NaN,NaN,NaN,NaN,NaN,NaN,NaN,NaN,NaN,NaN
2025-06-02 04:01:32,104829.26,104469.30,0.37,Baja,104844.66,0.20,Sube,NaN,NaN,NaN,NaN,NaN,NaN,NaN,NaN,NaN,NaN,NaN,NaN,NaN
2025-06-02 05:01:44,104746.88,104481.14,0.27,Baja,104752.02,0.09,Sube,NaN,NaN,NaN,NaN,NaN,NaN,NaN,NaN,NaN,NaN,NaN,NaN,NaN
2025-06-02 06:01:24,104833.80,104483.11,0.34,Baja,104831.49,0.08,Baja,NaN,NaN,NaN,NaN,NaN,NaN,NaN,NaN,NaN,NaN,NaN,NaN,NaN
2025-06-02 07:01:05,105174.63,104492.81,0.66,Baja,105172.91,0.33,Baja,NaN,NaN,NaN,NaN,NaN,NaN,NaN,NaN,NaN,NaN,NaN,NaN,NaN
2025-06-02 08:01:40,105370.39,104507.15,0.83,Baja,105377.30,0.19,Sube,NaN,NaN,NaN,NaN,NaN,NaN,NaN,NaN,NaN,NaN,NaN,NaN,NaN
2025-06-02 09:02:12,105281.55,104520.00,0.74,Baja,105272.21,0.09,Baja,NaN,NaN,NaN,NaN,NaN,NaN,NaN,NaN,NaN,NaN,NaN,NaN,NaN
2025-06-02 10:01:00,104618.68,104497.94,0.09,Baja,104636.15,0.62,Sube,NaN,NaN,NaN,NaN,NaN,NaN,NaN,NaN,NaN,NaN,NaN,NaN,NaN
2025-06-02 11:01:32,104360.00,104462.55,0.13,Sube,104372.83,0.26,Sube,NaN,NaN,NaN,NaN,NaN,NaN,NaN,NaN,NaN,NaN,NaN,NaN,NaN
2025-06-02 12:01:33,104089.92,104399.86,0.36,Sube,104048.56,0.27,Baja,NaN,NaN,NaN,NaN,NaN,NaN,NaN,NaN,NaN,NaN,NaN,NaN,NaN
2025-06-02 13:02:36,104234.86,104337.40,0.16,Sube,104203.55,0.18,Baja,NaN,NaN,NaN,NaN,NaN,NaN,NaN,NaN,NaN,NaN,NaN,NaN,NaN
2025-06-02 14:00:59,103750.18,104240.41,0.57,Sube,103764.25,0.44,Sube,NaN,NaN,NaN,NaN,NaN,NaN,NaN,NaN,NaN,NaN,NaN,NaN,NaN
2025-06-02 15:01:19,104200.09,104164.78,0.04,Baja,104156.40,0.42,Baja,NaN,NaN,NaN,NaN,NaN,NaN,NaN,NaN,NaN,NaN,NaN,NaN,NaN
2025-06-02 16:01:23,104413.85,104095.93,0.24,Baja,104399.00,0.25,Baja,NaN,NaN,NaN,NaN,NaN,NaN,NaN,NaN,NaN,NaN,NaN,NaN,NaN
2025-06-02 17:00:55,104348.77,104030.37,0.24,Baja,104324.65,0.05,Baja,NaN,NaN,NaN,NaN,NaN,NaN,NaN,NaN,NaN,NaN,NaN,NaN,NaN
2025-06-02 18:00:50,104391.00,103978.05,0.35,Baja,104381.87,0.06,Baja,NaN,NaN,NaN,NaN,NaN,NaN,NaN,NaN,NaN,NaN,NaN,NaN,NaN
2025-06-02 19:00:52,104333.33,103931.69,0.34,Baja,104334.70,0.05,Sube,NaN,NaN,NaN,NaN,NaN,NaN,NaN,NaN,NaN,NaN,NaN,NaN,NaN
2025-06-02 20:00:53,104455.28,103898.70,0.50,Baja,104375.44,0.12,Baja,NaN,NaN,NaN,NaN,NaN,NaN,NaN,NaN,NaN,NaN,NaN,NaN,NaN
2025-06-02 21:01:18,104880.70,103897.46,0.94,Baja,104872.46,0.48,Baja,NaN,NaN,NaN,NaN,NaN,NaN,NaN,NaN,NaN,NaN,NaN,NaN,NaN
2025-06-02 22:00:59,104953.40,103908.14,1.01,Baja,104931.82,0.08,Baja,NaN,NaN,NaN,NaN,NaN,NaN,NaN,NaN,NaN,NaN,NaN,NaN,NaN
2025-06-02 23:00:57,105733.67,103971.32,1.73,Baja,105725.24,0.76,Baja,NaN,NaN,NaN,NaN,NaN,NaN,NaN,NaN,NaN,NaN,NaN,NaN,NaN
2025-06-03 00:01:43,105759.03,104050.66,1.69,Baja,105727.49,0.03,Baja,NaN,NaN,NaN,NaN,NaN,NaN,NaN,NaN,NaN,NaN,NaN,NaN,NaN
2025-06-03 01:02:40,106255.00,104173.97,2.07,Baja,106230.05,0.50,Baja,NaN,NaN,NaN,NaN,NaN,NaN,NaN,NaN,NaN,NaN,NaN,NaN,NaN
2025-06-03 02:02:11,106397.03,104318.36,2.09,Baja,106387.63,0.16,Baja,NaN,NaN,NaN,NaN,NaN,NaN,NaN,NaN,NaN,NaN,NaN,NaN,NaN
2025-06-03 03:01:33,105660.07,104429.99,1.27,Baja,105708.04,0.69,Sube,NaN,NaN,NaN,NaN,NaN,NaN,NaN,NaN,NaN,NaN,NaN,NaN,NaN
2025-06-03 04:01:25,105484.72,104534.50,1.00,Baja,105438.43,0.21,Baja,NaN,NaN,NaN,NaN,NaN,NaN,NaN,NaN,NaN,NaN,NaN,NaN,NaN
2025-06-03 05:01:53,105187.95,104608.00,0.62,Baja,105180.08,0.24,Baja,NaN,NaN,NaN,NaN,NaN,NaN,NaN,NaN,NaN,NaN,NaN,NaN,NaN
2025-06-03 06:01:28,105452.07,104680.12,0.80,Baja,105437.92,0.26,Baja,NaN,NaN,NaN,NaN,NaN,NaN,NaN,NaN,NaN,NaN,NaN,NaN,NaN
2025-06-03 07:01:25,105394.15,104730.79,0.68,Baja,105381.47,0.04,Baja,NaN,NaN,NaN,NaN,NaN,NaN,NaN,NaN,NaN,NaN,NaN,NaN,NaN
2025-06-03 08:01:06,105187.86,104756.76,0.43,Baja,105182.96,0.18,Baja,NaN,NaN,NaN,NaN,NaN,NaN,NaN,NaN,NaN,NaN,NaN,NaN,NaN
2025-06-03 09:01:58,105094.93,104766.49,0.32,Baja,105100.45,0.08,Sube,NaN,NaN,NaN,NaN,NaN,NaN,NaN,NaN,NaN,NaN,NaN,NaN,NaN
2025-06-03 10:01:07,105184.23,104770.24,0.40,Baja,105179.55,0.08,Baja,NaN,NaN,NaN,NaN,NaN,NaN,NaN,NaN,NaN,NaN,NaN,NaN,NaN
2025-06-03 11:01:50,105280.99,104769.63,0.49,Baja,105269.67,0.10,Baja,NaN,NaN,NaN,NaN,NaN,NaN,NaN,NaN,NaN,NaN,NaN,NaN,NaN
2025-06-03 12:01:54,105302.34,104764.35,0.51,Baja,105252.43,0.03,Baja,NaN,NaN,NaN,NaN,NaN,NaN,NaN,NaN,NaN,NaN,NaN,NaN,NaN
2025-06-03 13:02:22,105340.10,104759.00,0.55,Baja,105378.37,0.08,Sube,NaN,NaN,NaN,NaN,NaN,NaN,NaN,NaN,NaN,NaN,NaN,NaN,NaN
2025-06-03 14:01:05,105518.15,104761.02,0.72,Baja,105503.89,0.13,Baja,NaN,NaN,NaN,NaN,NaN,NaN,NaN,NaN,NaN,NaN,NaN,NaN,NaN
2025-06-03 15:01:26,106542.72,104823.68,1.67,Baja,106563.43,0.98,Sube,NaN,NaN,NaN,NaN,NaN,NaN,NaN,NaN,NaN,NaN,NaN,NaN,NaN
2025-06-03 16:01:19,106617.95,104895.19,1.68,Baja,106612.09,0.05,Baja,NaN,NaN,NaN,NaN,NaN,NaN,NaN,NaN,NaN,NaN,NaN,NaN,NaN
2025-06-03 17:00:56,105777.00,104938.73,0.83,Baja,105766.15,0.79,Baja,NaN,NaN,NaN,NaN,NaN,NaN,NaN,NaN,NaN,NaN,NaN,NaN,NaN
2025-06-03 18:00:51,105943.99,105000.13,0.95,Baja,105919.38,0.17,Baja,NaN,NaN,NaN,NaN,NaN,NaN,NaN,NaN,NaN,NaN,NaN,NaN,NaN
2025-06-03 19:00:52,106013.17,105059.11,0.96,Baja,105992.40,0.09,Baja,NaN,NaN,NaN,NaN,NaN,NaN,NaN,NaN,NaN,NaN,NaN,NaN,NaN
2025-06-03 20:00:53,106183.74,105124.17,1.06,Baja,106185.63,0.18,Sube,NaN,NaN,NaN,NaN,NaN,NaN,NaN,NaN,NaN,NaN,NaN,NaN,NaN
2025-06-03 21:01:18,105728.59,105159.17,0.57,Baja,105694.60,0.43,Baja,NaN,NaN,NaN,NaN,NaN,NaN,NaN,NaN,NaN,NaN,NaN,NaN,NaN
2025-06-03 22:00:55,105370.73,105171.63,0.20,Baja,105335.44,0.31,Baja,NaN,NaN,NaN,NaN,NaN,NaN,NaN,NaN,NaN,NaN,NaN,NaN,NaN
2025-06-03 23:01:21,105743.71,105192.75,0.54,Baja,105724.77,0.39,Baja,NaN,NaN,NaN,NaN,NaN,NaN,NaN,NaN,NaN,NaN,NaN,NaN,NaN
2025-06-04 00:02:01,105343.16,105179.62,0.14,Baja,105364.08,0.36,Sube,NaN,NaN,NaN,NaN,NaN,NaN,NaN,NaN,NaN,NaN,NaN,NaN,NaN
2025-06-04 01:03:31,105598.90,105168.77,0.40,Baja,105559.22,0.22,Baja,NaN,NaN,NaN,NaN,NaN,NaN,NaN,NaN,NaN,NaN,NaN,NaN,NaN
2025-06-04 02:02:06,105593.72,105152.11,0.40,Baja,105586.43,0.03,Baja,NaN,NaN,NaN,NaN,NaN,NaN,NaN,NaN,NaN,NaN,NaN,NaN,NaN
2025-06-04 03:01:39,105486.71,105127.43,0.32,Baja,105475.11,0.09,Baja,NaN,NaN,NaN,NaN,NaN,NaN,NaN,NaN,NaN,NaN,NaN,NaN,NaN
2025-06-04 04:01:20,105519.27,105104.77,0.37,Baja,105516.96,0.04,Baja,NaN,NaN,NaN,NaN,NaN,NaN,NaN,NaN,NaN,NaN,NaN,NaN,NaN
2025-06-04 05:01:56,105471.67,105075.73,0.35,Baja,105424.35,0.04,Baja,NaN,NaN,NaN,NaN,NaN,NaN,NaN,NaN,NaN,NaN,NaN,NaN,NaN
2025-06-04 06:01:35,105354.27,105044.20,0.26,Baja,105417.49,0.07,Sube,NaN,NaN,NaN,NaN,NaN,NaN,NaN,NaN,NaN,NaN,NaN,NaN,NaN
2025-06-04 07:01:26,105349.57,105011.00,0.29,Baja,105354.93,0.06,Sube,NaN,NaN,NaN,NaN,NaN,NaN,NaN,NaN,NaN,NaN,NaN,NaN,NaN
2025-06-04 08:01:04,105350.49,104978.68,0.32,Baja,105346.08,0.00,Baja,NaN,NaN,NaN,NaN,NaN,NaN,NaN,NaN,NaN,NaN,NaN,NaN,NaN
2025-06-06 22:00:52,104386.30,103591.23,0.57,Baja,104387.71,0.92,Sube,NaN,NaN,NaN,NaN,NaN,NaN,NaN,NaN,NaN,NaN,NaN,NaN,NaN
2025-06-06 23:00:58,104484.83,103657.54,0.86,Baja,104491.60,0.09,Sube,NaN,NaN,NaN,NaN,NaN,NaN,NaN,NaN,NaN,NaN,NaN,NaN,NaN
2025-06-07 00:01:43,104303.12,103700.11,0.62,Baja,104315.03,0.18,Sube,NaN,NaN,NaN,NaN,NaN,NaN,NaN,NaN,NaN,NaN,NaN,NaN,NaN
2025-06-07 01:02:27,104488.35,103742.76,0.75,Baja,104483.53,0.17,Baja,NaN,NaN,NaN,NaN,NaN,NaN,NaN,NaN,NaN,NaN,NaN,NaN,NaN
2025-06-07 02:02:14,104447.33,103773.16,0.67,Baja,104442.25,0.03,Baja,NaN,NaN,NaN,NaN,NaN,NaN,NaN,NaN,NaN,NaN,NaN,NaN,NaN
2025-06-07 03:01:33,104489.33,103801.42,0.69,Baja,104482.70,0.05,Baja,NaN,NaN,NaN,NaN,NaN,NaN,NaN,NaN,NaN,NaN,NaN,NaN,NaN
2025-06-07 04:01:24,104854.91,103844.19,1.00,Baja,104852.13,0.35,Baja,NaN,NaN,NaN,NaN,NaN,NaN,NaN,NaN,NaN,NaN,NaN,NaN,NaN
2025-06-07 05:02:02,104827.63,103881.43,0.94,Baja,104838.56,0.02,Sube,NaN,NaN,NaN,NaN,NaN,NaN,NaN,NaN,NaN,NaN,NaN,NaN,NaN
2025-06-07 06:01:36,104886.88,103923.85,0.96,Baja,104894.04,0.05,Sube,NaN,NaN,NaN,NaN,NaN,NaN,NaN,NaN,NaN,NaN,NaN,NaN,NaN
2025-06-07 07:01:34,105220.83,103986.03,1.23,Baja,105217.37,0.31,Baja,NaN,NaN,NaN,NaN,NaN,NaN,NaN,NaN,NaN,NaN,NaN,NaN,NaN
2025-06-07 08:01:21,104867.04,104027.91,0.84,Baja,104881.36,0.33,Sube,NaN,NaN,NaN,NaN,NaN,NaN,NaN,NaN,NaN,NaN,NaN,NaN,NaN
2025-06-07 09:01:54,104808.60,104067.01,0.74,Baja,104806.03,0.07,Baja,NaN,NaN,NaN,NaN,NaN,NaN,NaN,NaN,NaN,NaN,NaN,NaN,NaN
2025-06-07 10:00:54,104876.25,104104.79,0.77,Baja,104862.65,0.07,Baja,NaN,NaN,NaN,NaN,NaN,NaN,NaN,NaN,NaN,NaN,NaN,NaN,NaN
2025-06-07 11:01:23,105128.90,104151.94,0.97,Baja,105117.86,0.25,Baja,NaN,NaN,NaN,NaN,NaN,NaN,NaN,NaN,NaN,NaN,NaN,NaN,NaN
2025-06-07 12:01:17,105149.90,104193.55,0.95,Baja,105140.16,0.03,Baja,NaN,NaN,NaN,NaN,NaN,NaN,NaN,NaN,NaN,NaN,NaN,NaN,NaN
2025-06-07 13:00:58,105410.05,104252.25,1.15,Baja,105415.23,0.26,Sube,NaN,NaN,NaN,NaN,NaN,NaN,NaN,NaN,NaN,NaN,NaN,NaN,NaN
2025-06-07 14:00:50,105626.37,104320.26,1.30,Baja,105636.87,0.20,Sube,NaN,NaN,NaN,NaN,NaN,NaN,NaN,NaN,NaN,NaN,NaN,NaN,NaN
2025-06-07 15:00:58,105431.61,104379.40,1.05,Baja,105446.53,0.19,Sube,NaN,NaN,NaN,NaN,NaN,NaN,NaN,NaN,NaN,NaN,NaN,NaN,NaN
2025-06-07 16:01:21,105558.16,104447.49,1.12,Baja,105553.58,0.11,Baja,NaN,NaN,NaN,NaN,NaN,NaN,NaN,NaN,NaN,NaN,NaN,NaN,NaN
2025-06-07 17:00:52,105349.98,104500.93,0.86,Baja,105349.35,0.19,Baja,NaN,NaN,NaN,NaN,NaN,NaN,NaN,NaN,NaN,NaN,NaN,NaN,NaN
2025-06-07 18:00:47,105404.38,104553.75,0.86,Baja,105395.36,0.05,Baja,NaN,NaN,NaN,NaN,NaN,NaN,NaN,NaN,NaN,NaN,NaN,NaN,NaN
2025-06-07 19:00:48,105596.79,104609.71,0.99,Baja,105589.05,0.19,Baja,NaN,NaN,NaN,NaN,NaN,NaN,NaN,NaN,NaN,NaN,NaN,NaN,NaN
2025-06-07 20:00:50,105727.94,104667.40,1.06,Baja,105732.11,0.13,Sube,NaN,NaN,NaN,NaN,NaN,NaN,NaN,NaN,NaN,NaN,NaN,NaN,NaN
2025-06-07 21:01:15,105831.99,104728.40,1.10,Baja,105843.58,0.09,Sube,NaN,NaN,NaN,NaN,NaN,NaN,NaN,NaN,NaN,NaN,NaN,NaN,NaN
2025-06-07 22:00:53,105764.65,104783.63,0.98,Baja,105778.02,0.07,Sube,NaN,NaN,NaN,NaN,NaN,NaN,NaN,NaN,NaN,NaN,NaN,NaN,NaN
2025-06-07 23:00:57,105815.60,104840.14,0.98,Baja,105814.80,0.04,Baja,NaN,NaN,NaN,NaN,NaN,NaN,NaN,NaN,NaN,NaN,NaN,NaN,NaN
2025-06-08 00:01:40,105552.16,104878.20,0.67,Baja,105554.07,0.25,Sube,NaN,NaN,NaN,NaN,NaN,NaN,NaN,NaN,NaN,NaN,NaN,NaN,NaN
2025-06-08 01:02:35,105457.57,104907.27,0.55,Baja,105447.59,0.09,Baja,NaN,NaN,NaN,NaN,NaN,NaN,NaN,NaN,NaN,NaN,NaN,NaN,NaN
2025-06-08 02:01:53,105652.30,104940.07,0.71,Baja,105636.56,0.19,Baja,NaN,NaN,NaN,NaN,NaN,NaN,NaN,NaN,NaN,NaN,NaN,NaN,NaN
2025-06-08 03:01:35,105447.99,104952.45,0.48,Baja,105457.54,0.18,Sube,NaN,NaN,NaN,NaN,NaN,NaN,NaN,NaN,NaN,NaN,NaN,NaN,NaN
2025-06-08 04:01:28,105472.17,104961.87,0.49,Baja,105471.92,0.01,Baja,NaN,NaN,NaN,NaN,NaN,NaN,NaN,NaN,NaN,NaN,NaN,NaN,NaN
2025-06-08 05:01:55,105614.37,104972.82,0.62,Baja,105609.55,0.13,Baja,NaN,NaN,NaN,NaN,NaN,NaN,NaN,NaN,NaN,NaN,NaN,NaN,NaN
2025-06-08 06:01:36,105453.03,104970.19,0.46,Baja,105460.89,0.15,Sube,NaN,NaN,NaN,NaN,NaN,NaN,NaN,NaN,NaN,NaN,NaN,NaN,NaN
2025-06-08 07:01:19,105442.99,104966.07,0.45,Baja,105440.52,0.02,Baja,NaN,NaN,NaN,NaN,NaN,NaN,NaN,NaN,NaN,NaN,NaN,NaN,NaN
2025-06-08 08:01:20,105426.46,104957.61,0.44,Baja,105423.85,0.01,Baja,NaN,NaN,NaN,NaN,NaN,NaN,NaN,NaN,NaN,NaN,NaN,NaN,NaN
2025-06-08 09:01:43,105394.34,104944.89,0.41,Baja,105390.96,0.03,Baja,NaN,NaN,NaN,NaN,NaN,NaN,NaN,NaN,NaN,NaN,NaN,NaN,NaN
2025-06-08 10:00:51,105162.79,104918.34,0.21,Baja,105165.45,0.22,Sube,NaN,NaN,NaN,NaN,NaN,NaN,NaN,NaN,NaN,NaN,NaN,NaN,NaN
2025-06-08 11:01:27,105402.36,104902.08,0.46,Baja,105368.67,0.22,Baja,NaN,NaN,NaN,NaN,NaN,NaN,NaN,NaN,NaN,NaN,NaN,NaN,NaN
2025-06-08 12:01:20,105686.71,104900.07,0.74,Baja,105680.60,0.30,Baja,NaN,NaN,NaN,NaN,NaN,NaN,NaN,NaN,NaN,NaN,NaN,NaN,NaN
2025-06-08 13:00:58,105720.95,104901.90,0.78,Baja,105739.45,0.04,Sube,NaN,NaN,NaN,NaN,NaN,NaN,NaN,NaN,NaN,NaN,NaN,NaN,NaN
2025-06-08 14:00:47,105628.40,104904.77,0.69,Baja,105646.59,0.11,Sube,NaN,NaN,NaN,NaN,NaN,NaN,NaN,NaN,NaN,NaN,NaN,NaN,NaN
2025-06-08 15:00:57,105829.69,104924.22,0.87,Baja,105824.01,0.17,Baja,NaN,NaN,NaN,NaN,NaN,NaN,NaN,NaN,NaN,NaN,NaN,NaN,NaN
2025-06-08 16:01:20,105984.52,104953.83,1.00,Baja,105996.85,0.15,Sube,NaN,NaN,NaN,NaN,NaN,NaN,NaN,NaN,NaN,NaN,NaN,NaN,NaN
2025-06-08 17:00:52,106186.05,104998.22,1.16,Baja,106183.75,0.18,Baja,NaN,NaN,NaN,NaN,NaN,NaN,NaN,NaN,NaN,NaN,NaN,NaN,NaN
2025-06-08 18:00:48,106092.94,105042.75,1.03,Baja,106109.73,0.09,Sube,NaN,NaN,NaN,NaN,NaN,NaN,NaN,NaN,NaN,NaN,NaN,NaN,NaN
2025-06-08 19:00:49,106317.63,105103.92,1.20,Baja,106317.16,0.20,Baja,NaN,NaN,NaN,NaN,NaN,NaN,NaN,NaN,NaN,NaN,NaN,NaN,NaN
2025-06-08 20:00:52,106289.21,105164.74,1.12,Baja,106293.48,0.03,Sube,NaN,NaN,NaN,NaN,NaN,NaN,NaN,NaN,NaN,NaN,NaN,NaN,NaN
2025-06-08 21:01:06,106172.97,105219.58,0.95,Baja,106179.44,0.11,Sube,NaN,NaN,NaN,NaN,NaN,NaN,NaN,NaN,NaN,NaN,NaN,NaN,NaN
2025-06-08 22:00:53,106282.29,105281.15,1.00,Baja,106270.51,0.10,Baja,NaN,NaN,NaN,NaN,NaN,NaN,NaN,NaN,NaN,NaN,NaN,NaN,NaN
2025-06-08 23:00:56,105741.25,105306.56,0.44,Baja,105756.98,0.50,Sube,NaN,NaN,NaN,NaN,NaN,NaN,NaN,NaN,NaN,NaN,NaN,NaN,NaN
2025-06-09 00:01:41,105734.01,105327.13,0.40,Baja,105710.10,0.02,Baja,NaN,NaN,NaN,NaN,NaN,NaN,NaN,NaN,NaN,NaN,NaN,NaN,NaN
2025-06-09 01:02:34,105649.67,105331.96,0.31,Baja,105638.41,0.06,Baja,NaN,NaN,NaN,NaN,NaN,NaN,NaN,NaN,NaN,NaN,NaN,NaN,NaN
2025-06-09 02:02:07,105504.14,105319.00,0.16,Baja,105530.40,0.13,Sube,NaN,NaN,NaN,NaN,NaN,NaN,NaN,NaN,NaN,NaN,NaN,NaN,NaN
2025-06-09 03:01:40,105582.77,105301.37,0.25,Baja,105575.57,0.05,Baja,NaN,NaN,NaN,NaN,NaN,NaN,NaN,NaN,NaN,NaN,NaN,NaN,NaN
2025-06-09 04:01:21,105654.24,105279.66,0.33,Baja,105652.00,0.07,Baja,NaN,NaN,NaN,NaN,NaN,NaN,NaN,NaN,NaN,NaN,NaN,NaN,NaN
2025-06-09 05:01:56,105431.33,105244.21,0.14,Baja,105442.45,0.21,Sube,NaN,NaN,NaN,NaN,NaN,NaN,NaN,NaN,NaN,NaN,NaN,NaN,NaN
2025-06-09 06:01:34,105379.12,105205.13,0.13,Baja,105376.33,0.06,Baja,NaN,NaN,NaN,NaN,NaN,NaN,NaN,NaN,NaN,NaN,NaN,NaN,NaN
2025-06-09 07:01:08,105686.88,105180.30,0.46,Baja,105669.12,0.29,Baja,NaN,NaN,NaN,NaN,NaN,NaN,NaN,NaN,NaN,NaN,NaN,NaN,NaN
2025-06-09 08:01:24,105560.69,105148.55,0.36,Baja,105573.16,0.10,Sube,NaN,NaN,NaN,NaN,NaN,NaN,NaN,NaN,NaN,NaN,NaN,NaN,NaN
2025-06-09 09:01:52,105908.74,105141.78,0.72,Baja,105917.48,0.32,Sube,NaN,NaN,NaN,NaN,NaN,NaN,NaN,NaN,NaN,NaN,NaN,NaN,NaN
2025-06-09 10:00:57,106620.77,105176.01,1.39,Baja,106621.61,0.66,Sube,NaN,NaN,NaN,NaN,NaN,NaN,NaN,NaN,NaN,NaN,NaN,NaN,NaN
2025-06-09 11:01:43,107216.75,105250.38,1.90,Baja,107247.56,0.56,Sube,NaN,NaN,NaN,NaN,NaN,NaN,NaN,NaN,NaN,NaN,NaN,NaN,NaN
2025-06-09 12:01:29,107749.53,105369.10,2.32,Baja,107791.19,0.47,Sube,NaN,NaN,NaN,NaN,NaN,NaN,NaN,NaN,NaN,NaN,NaN,NaN,NaN
2025-06-09 13:01:46,107732.49,105507.75,2.19,Baja,107782.08,0.05,Sube,NaN,NaN,NaN,NaN,NaN,NaN,NaN,NaN,NaN,NaN,NaN,NaN,NaN
2025-06-09 14:00:51,107082.45,105626.91,1.47,Baja,107112.41,0.65,Sube,NaN,NaN,NaN,NaN,NaN,NaN,NaN,NaN,NaN,NaN,NaN,NaN,NaN
2025-06-09 15:00:58,107564.36,105780.23,1.80,Baja,107531.49,0.42,Baja,NaN,NaN,NaN,NaN,NaN,NaN,NaN,NaN,NaN,NaN,NaN,NaN,NaN
2025-06-09 16:01:20,107671.45,105928.80,1.76,Baja,107660.86,0.13,Baja,NaN,NaN,NaN,NaN,NaN,NaN,NaN,NaN,NaN,NaN,NaN,NaN,NaN
2025-06-09 17:00:52,107695.00,106073.50,1.64,Baja,107692.62,0.03,Baja,NaN,NaN,NaN,NaN,NaN,NaN,NaN,NaN,NaN,NaN,NaN,NaN,NaN
2025-06-09 18:00:51,108358.04,106247.85,2.11,Baja,108351.42,0.61,Baja,NaN,NaN,NaN,NaN,NaN,NaN,NaN,NaN,NaN,NaN,NaN,NaN,NaN
2025-06-09 19:00:53,108446.87,106418.37,2.03,Baja,108481.52,0.09,Sube,NaN,NaN,NaN,NaN,NaN,NaN,NaN,NaN,NaN,NaN,NaN,NaN,NaN
2025-06-09 20:00:53,108591.02,106592.40,2.00,Baja,108611.23,0.10,Sube,NaN,NaN,NaN,NaN,NaN,NaN,NaN,NaN,NaN,NaN,NaN,NaN,NaN
2025-06-09 21:01:19,108706.74,106767.88,1.94,Baja,108711.86,0.09,Sube,NaN,NaN,NaN,NaN,NaN,NaN,NaN,NaN,NaN,NaN,NaN,NaN,NaN
2025-06-09 22:00:55,110097.59,107003.29,3.02,Baja,109901.86,1.26,Baja,NaN,NaN,NaN,NaN,NaN,NaN,NaN,NaN,NaN,NaN,NaN,NaN,NaN
2025-06-09 23:00:59,110175.08,107245.13,2.88,Baja,110225.68,0.25,Sube,NaN,NaN,NaN,NaN,NaN,NaN,NaN,NaN,NaN,NaN,NaN,NaN,NaN
2025-06-10 00:01:41,110276.93,107496.47,2.75,Baja,110326.00,0.05,Sube,NaN,NaN,NaN,NaN,NaN,NaN,NaN,NaN,NaN,NaN,NaN,NaN,NaN
2025-06-10 01:02:28,109910.34,107727.91,2.20,Baja,109938.50,0.38,Sube,NaN,NaN,NaN,NaN,NaN,NaN,NaN,NaN,NaN,NaN,NaN,NaN,NaN
2025-06-10 02:01:56,109687.07,107943.72,1.79,Baja,109671.62,0.23,Baja,NaN,NaN,NaN,NaN,NaN,NaN,NaN,NaN,NaN,NaN,NaN,NaN,NaN
2025-06-10 03:01:41,109650.01,108136.15,1.56,Baja,109649.90,0.02,Baja,NaN,NaN,NaN,NaN,NaN,NaN,NaN,NaN,NaN,NaN,NaN,NaN,NaN
2025-06-10 04:01:19,109575.83,108297.86,1.31,Baja,109558.42,0.07,Baja,NaN,NaN,NaN,NaN,NaN,NaN,NaN,NaN,NaN,NaN,NaN,NaN,NaN
2025-06-10 05:02:17,109504.71,108431.59,1.10,Baja,109497.07,0.05,Baja,NaN,NaN,NaN,NaN,NaN,NaN,NaN,NaN,NaN,NaN,NaN,NaN,NaN
2025-06-10 06:01:41,109309.05,108531.12,0.80,Baja,109291.20,0.17,Baja,NaN,NaN,NaN,NaN,NaN,NaN,NaN,NaN,NaN,NaN,NaN,NaN,NaN
2025-06-10 07:01:18,109509.25,108619.43,0.89,Baja,109501.76,0.20,Baja,NaN,NaN,NaN,NaN,NaN,NaN,NaN,NaN,NaN,NaN,NaN,NaN,NaN
2025-06-10 08:01:03,109211.89,108669.73,0.54,Baja,109218.37,0.27,Sube,NaN,NaN,NaN,NaN,NaN,NaN,NaN,NaN,NaN,NaN,NaN,NaN,NaN
2025-06-10 09:01:50,109084.63,108696.92,0.38,Baja,109079.53,0.12,Baja,NaN,NaN,NaN,NaN,NaN,NaN,NaN,NaN,NaN,NaN,NaN,NaN,NaN
2025-06-10 10:00:56,109505.51,108731.25,0.74,Baja,109482.11,0.39,Baja,NaN,NaN,NaN,NaN,NaN,NaN,NaN,NaN,NaN,NaN,NaN,NaN,NaN
2025-06-10 11:01:46,109291.65,108740.50,0.51,Baja,109309.48,0.17,Sube,NaN,NaN,NaN,NaN,NaN,NaN,NaN,NaN,NaN,NaN,NaN,NaN,NaN
2025-06-10 12:01:39,109545.16,108759.44,0.73,Baja,109540.07,0.22,Baja,NaN,NaN,NaN,NaN,NaN,NaN,NaN,NaN,NaN,NaN,NaN,NaN,NaN
2025-06-10 13:01:52,109671.07,108781.12,0.83,Baja,109681.01,0.12,Sube,NaN,NaN,NaN,NaN,NaN,NaN,NaN,NaN,NaN,NaN,NaN,NaN,NaN
2025-06-10 14:00:57,109316.39,108782.43,0.49,Baja,109335.36,0.33,Sube,NaN,NaN,NaN,NaN,NaN,NaN,NaN,NaN,NaN,NaN,NaN,NaN,NaN
2025-06-10 15:01:27,108584.43,108747.22,0.18,Sube,108585.27,0.69,Sube,NaN,NaN,NaN,NaN,NaN,NaN,NaN,NaN,NaN,NaN,NaN,NaN,NaN
2025-06-10 16:01:23,109021.95,108728.98,0.25,Baja,108970.26,0.40,Baja,NaN,NaN,NaN,NaN,NaN,NaN,NaN,NaN,NaN,NaN,NaN,NaN,NaN
2025-06-10 17:00:55,108737.08,108681.24,0.01,Baja,108735.24,0.21,Baja,NaN,NaN,NaN,NaN,NaN,NaN,NaN,NaN,NaN,NaN,NaN,NaN,NaN
2025-06-10 18:00:53,108705.93,108630.33,0.02,Baja,108698.61,0.03,Baja,NaN,NaN,NaN,NaN,NaN,NaN,NaN,NaN,NaN,NaN,NaN,NaN,NaN
2025-06-10 19:00:54,109326.00,108607.20,0.64,Baja,109312.32,0.57,Baja,NaN,NaN,NaN,NaN,NaN,NaN,NaN,NaN,NaN,NaN,NaN,NaN,NaN
2025-06-10 20:00:55,109540.46,108595.65,0.85,Baja,109563.62,0.21,Sube,NaN,NaN,NaN,NaN,NaN,NaN,NaN,NaN,NaN,NaN,NaN,NaN,NaN
2025-06-10 21:01:19,109977.10,108617.67,1.26,Baja,109990.63,0.38,Sube,NaN,NaN,NaN,NaN,NaN,NaN,NaN,NaN,NaN,NaN,NaN,NaN,NaN
2025-06-10 22:00:56,109866.68,108645.36,1.14,Baja,109899.43,0.11,Sube,NaN,NaN,NaN,NaN,NaN,NaN,NaN,NaN,NaN,NaN,NaN,NaN,NaN
2025-06-10 23:01:01,109731.67,108680.11,0.99,Baja,109737.26,0.15,Sube,NaN,NaN,NaN,NaN,NaN,NaN,NaN,NaN,NaN,NaN,NaN,NaN,NaN
2025-06-11 00:01:42,110269.90,108751.83,1.44,Baja,110246.40,0.48,Baja,NaN,NaN,NaN,NaN,NaN,NaN,NaN,NaN,NaN,NaN,NaN,NaN,NaN
2025-06-11 01:02:36,109790.70,108804.66,0.95,Baja,109818.76,0.42,Sube,NaN,NaN,NaN,NaN,NaN,NaN,NaN,NaN,NaN,NaN,NaN,NaN,NaN
2025-06-11 02:02:21,109676.20,108852.46,0.79,Baja,109675.09,0.13,Baja,NaN,NaN,NaN,NaN,NaN,NaN,NaN,NaN,NaN,NaN,NaN,NaN,NaN
2025-06-11 03:01:46,109685.14,108895.86,0.76,Baja,109648.92,0.01,Baja,NaN,NaN,NaN,NaN,NaN,NaN,NaN,NaN,NaN,NaN,NaN,NaN,NaN
2025-06-11 04:01:30,109735.24,108934.97,0.76,Baja,109760.16,0.08,Sube,NaN,NaN,NaN,NaN,NaN,NaN,NaN,NaN,NaN,NaN,NaN,NaN,NaN
2025-06-11 05:02:26,109559.74,108957.90,0.57,Baja,109600.86,0.18,Sube,NaN,NaN,NaN,NaN,NaN,NaN,NaN,NaN,NaN,NaN,NaN,NaN,NaN
2025-06-11 06:01:40,109518.88,108971.01,0.51,Baja,109491.49,0.07,Baja,NaN,NaN,NaN,NaN,NaN,NaN,NaN,NaN,NaN,NaN,NaN,NaN,NaN
2025-06-11 07:01:20,109595.02,108981.98,0.57,Baja,109578.80,0.09,Baja,NaN,NaN,NaN,NaN,NaN,NaN,NaN,NaN,NaN,NaN,NaN,NaN,NaN
2025-06-11 08:01:46,109457.19,108979.06,0.43,Baja,109443.27,0.11,Baja,NaN,NaN,NaN,NaN,NaN,NaN,NaN,NaN,NaN,NaN,NaN,NaN,NaN
2025-06-11 09:03:14,109561.95,108979.63,0.53,Baja,109529.89,0.11,Baja,NaN,NaN,NaN,NaN,NaN,NaN,NaN,NaN,NaN,NaN,NaN,NaN,NaN
2025-06-11 10:01:31,109280.16,108959.55,0.28,Baja,109275.54,0.23,Baja,NaN,NaN,NaN,NaN,NaN,NaN,NaN,NaN,NaN,NaN,NaN,NaN,NaN
2025-06-11 11:02:41,109366.70,108943.85,0.37,Baja,109359.36,0.08,Baja,NaN,NaN,NaN,NaN,NaN,NaN,NaN,NaN,NaN,NaN,NaN,NaN,NaN
2025-06-11 12:01:47,109236.13,108917.13,0.27,Baja,109246.60,0.11,Sube,NaN,NaN,NaN,NaN,NaN,NaN,NaN,NaN,NaN,NaN,NaN,NaN,NaN
2025-06-11 13:02:41,109600.00,108912.22,0.62,Baja,109616.25,0.32,Sube,NaN,NaN,NaN,NaN,NaN,NaN,NaN,NaN,NaN,NaN,NaN,NaN,NaN
2025-06-11 14:01:03,109731.78,108908.12,0.75,Baja,109736.88,0.11,Sube,NaN,NaN,NaN,NaN,NaN,NaN,NaN,NaN,NaN,NaN,NaN,NaN,NaN
2025-06-11 15:01:26,109877.58,108918.48,0.88,Baja,109880.54,0.13,Sube,NaN,NaN,NaN,NaN,NaN,NaN,NaN,NaN,NaN,NaN,NaN,NaN,NaN
2025-06-11 16:01:23,109787.65,108925.48,0.79,Baja,109763.21,0.08,Baja,NaN,NaN,NaN,NaN,NaN,NaN,NaN,NaN,NaN,NaN,NaN,NaN,NaN
2025-06-11 17:00:55,109390.01,108920.31,0.42,Baja,109389.44,0.34,Baja,NaN,NaN,NaN,NaN,NaN,NaN,NaN,NaN,NaN,NaN,NaN,NaN,NaN
2025-06-11 18:00:52,109011.66,108894.30,0.08,Baja,109049.94,0.35,Sube,NaN,NaN,NaN,NaN,NaN,NaN,NaN,NaN,NaN,NaN,NaN,NaN,NaN
2025-06-11 19:00:58,108821.74,108854.32,0.07,Sube,108844.23,0.21,Sube,NaN,NaN,NaN,NaN,NaN,NaN,NaN,NaN,NaN,NaN,NaN,NaN,NaN
2025-06-11 20:00:56,108740.42,108801.41,0.10,Sube,108752.82,0.10,Sube,NaN,NaN,NaN,NaN,NaN,NaN,NaN,NaN,NaN,NaN,NaN,NaN,NaN
2025-06-11 21:01:19,108943.40,108749.42,0.13,Baja,108803.22,0.17,Baja,NaN,NaN,NaN,NaN,NaN,NaN,NaN,NaN,NaN,NaN,NaN,NaN,NaN
2025-06-11 22:01:01,108461.83,108669.79,0.27,Sube,108497.05,0.31,Sube,NaN,NaN,NaN,NaN,NaN,NaN,NaN,NaN,NaN,NaN,NaN,NaN,NaN
2025-06-11 23:01:00,108375.32,108587.00,0.27,Sube,108354.67,0.11,Baja,NaN,NaN,NaN,NaN,NaN,NaN,NaN,NaN,NaN,NaN,NaN,NaN,NaN
2025-06-12 00:01:47,108643.01,108515.45,0.05,Baja,108728.96,0.27,Sube,NaN,NaN,NaN,NaN,NaN,NaN,NaN,NaN,NaN,NaN,NaN,NaN,NaN
2025-06-12 01:03:15,108589.65,108444.94,0.07,Baja,108604.74,0.13,Sube,NaN,NaN,NaN,NaN,NaN,NaN,NaN,NaN,NaN,NaN,NaN,NaN,NaN
2025-06-12 02:02:27,108501.82,108372.62,0.05,Baja,108540.54,0.09,Sube,NaN,NaN,NaN,NaN,NaN,NaN,NaN,NaN,NaN,NaN,NaN,NaN,NaN
2025-06-12 03:01:41,108385.03,108299.56,0.01,Baja,108402.91,0.14,Sube,NaN,NaN,NaN,NaN,NaN,NaN,NaN,NaN,NaN,NaN,NaN,NaN,NaN
2025-06-12 04:01:27,107897.47,108203.06,0.37,Sube,107803.95,0.47,Baja,NaN,NaN,NaN,NaN,NaN,NaN,NaN,NaN,NaN,NaN,NaN,NaN,NaN
2025-06-12 05:02:18,107724.01,108102.67,0.44,Sube,107728.61,0.07,Sube,NaN,NaN,NaN,NaN,NaN,NaN,NaN,NaN,NaN,NaN,NaN,NaN,NaN
2025-06-12 06:01:48,107780.45,108001.22,0.30,Sube,107770.63,0.05,Baja,NaN,NaN,NaN,NaN,NaN,NaN,NaN,NaN,NaN,NaN,NaN,NaN,NaN
2025-06-12 07:01:21,107909.02,107906.93,0.09,Baja,107900.71,0.13,Baja,NaN,NaN,NaN,NaN,NaN,NaN,NaN,NaN,NaN,NaN,NaN,NaN,NaN
2025-06-12 08:03:25,107621.78,107800.25,0.26,Sube,107606.96,0.26,Baja,NaN,NaN,NaN,NaN,NaN,NaN,NaN,NaN,NaN,NaN,NaN,NaN,NaN
2025-06-12 09:02:36,107700.83,107707.25,0.09,Sube,107658.39,0.09,Baja,NaN,NaN,NaN,NaN,NaN,NaN,NaN,NaN,NaN,NaN,NaN,NaN,NaN
2025-06-12 10:01:28,107496.04,107607.27,0.20,Sube,107455.19,0.15,Baja,NaN,NaN,NaN,NaN,NaN,NaN,NaN,NaN,NaN,NaN,NaN,NaN,NaN
2025-06-12 11:02:14,107331.93,107505.10,0.26,Sube,107335.75,0.11,Sube,NaN,NaN,NaN,NaN,NaN,NaN,NaN,NaN,NaN,NaN,NaN,NaN,NaN
2025-06-12 12:01:43,106934.66,107385.71,0.53,Sube,106885.54,0.38,Baja,NaN,NaN,NaN,NaN,NaN,NaN,NaN,NaN,NaN,NaN,NaN,NaN,NaN
2025-06-12 13:02:10,107034.30,107275.82,0.33,Sube,107017.29,0.14,Baja,NaN,NaN,NaN,NaN,NaN,NaN,NaN,NaN,NaN,NaN,NaN,NaN,NaN
2025-06-12 14:01:20,107091.30,107164.24,0.17,Sube,107075.08,0.07,Baja,NaN,NaN,NaN,NaN,NaN,NaN,NaN,NaN,NaN,NaN,NaN,NaN,NaN
2025-06-12 15:01:08,107637.83,107089.15,0.44,Baja,107641.86,0.52,Sube,NaN,NaN,NaN,NaN,NaN,NaN,NaN,NaN,NaN,NaN,NaN,NaN,NaN
2025-06-12 16:01:29,106985.39,106992.54,0.10,Sube,106973.26,0.61,Baja,NaN,NaN,NaN,NaN,NaN,NaN,NaN,NaN,NaN,NaN,NaN,NaN,NaN
2025-06-12 17:01:15,107653.95,106948.57,0.61,Baja,107641.32,0.63,Baja,NaN,NaN,NaN,NaN,NaN,NaN,NaN,NaN,NaN,NaN,NaN,NaN,NaN
2025-06-12 18:00:59,108228.29,106943.03,1.18,Baja,108236.65,0.54,Sube,NaN,NaN,NaN,NaN,NaN,NaN,NaN,NaN,NaN,NaN,NaN,NaN,NaN
2025-06-12 19:01:02,107532.00,106916.58,0.55,Baja,107584.86,0.66,Sube,NaN,NaN,NaN,NaN,NaN,NaN,NaN,NaN,NaN,NaN,NaN,NaN,NaN
2025-06-12 20:01:00,106811.93,106866.62,0.10,Sube,106762.15,0.72,Baja,NaN,NaN,NaN,NaN,NaN,NaN,NaN,NaN,NaN,NaN,NaN,NaN,NaN
2025-06-12 21:01:29,105966.01,106775.32,0.85,Sube,105918.29,0.75,Baja,NaN,NaN,NaN,NaN,NaN,NaN,NaN,NaN,NaN,NaN,NaN,NaN,NaN
2025-06-12 22:01:26,105926.33,106672.51,0.80,Sube,105911.51,0.01,Baja,NaN,NaN,NaN,NaN,NaN,NaN,NaN,NaN,NaN,NaN,NaN,NaN,NaN
2025-06-12 23:01:36,105918.51,106554.27,0.71,Sube,105895.91,0.01,Baja,NaN,NaN,NaN,NaN,NaN,NaN,NaN,NaN,NaN,NaN,NaN,NaN,NaN
2025-06-13 00:02:17,105317.96,106415.58,1.17,Sube,105335.33,0.55,Sube,NaN,NaN,NaN,NaN,NaN,NaN,NaN,NaN,NaN,NaN,NaN,NaN,NaN
2025-06-13 01:06:58,103218.55,106171.32,3.10,Sube,103329.97,2.05,Sube,NaN,NaN,NaN,NaN,NaN,NaN,NaN,NaN,NaN,NaN,NaN,NaN,NaN
2025-06-13 02:03:18,103679.24,105931.57,2.40,Sube,103607.03,0.34,Baja,NaN,NaN,NaN,NaN,NaN,NaN,NaN,NaN,NaN,NaN,NaN,NaN,NaN
2025-06-13 03:01:37,103660.01,105656.33,2.19,Sube,103739.03,0.05,Sube,NaN,NaN,NaN,NaN,NaN,NaN,NaN,NaN,NaN,NaN,NaN,NaN,NaN
2025-06-13 04:01:35,104257.90,105406.40,1.34,Sube,104251.75,0.50,Baja,NaN,NaN,NaN,NaN,NaN,NaN,NaN,NaN,NaN,NaN,NaN,NaN,NaN
2025-06-13 05:02:30,104277.01,105163.44,1.08,Sube,104254.43,0.02,Baja,NaN,NaN,NaN,NaN,NaN,NaN,NaN,NaN,NaN,NaN,NaN,NaN,NaN
2025-06-13 06:01:39,103980.02,104923.32,1.14,Sube,103982.42,0.26,Sube,NaN,NaN,NaN,NaN,NaN,NaN,NaN,NaN,NaN,NaN,NaN,NaN,NaN
2025-06-13 07:01:21,104629.60,104731.49,0.28,Sube,104615.28,0.62,Baja,NaN,NaN,NaN,NaN,NaN,NaN,NaN,NaN,NaN,NaN,NaN,NaN,NaN
2025-06-13 08:01:35,104917.35,104579.52,0.18,Baja,104890.71,0.29,Baja,NaN,NaN,NaN,NaN,NaN,NaN,NaN,NaN,NaN,NaN,NaN,NaN,NaN
2025-06-13 09:02:09,104760.00,104451.85,0.17,Baja,104720.92,0.12,Baja,NaN,NaN,NaN,NaN,NaN,NaN,NaN,NaN,NaN,NaN,NaN,NaN,NaN
2025-06-13 10:01:04,104864.42,104360.27,0.39,Baja,104876.95,0.14,Sube,NaN,NaN,NaN,NaN,NaN,NaN,NaN,NaN,NaN,NaN,NaN,NaN,NaN
2025-06-13 11:02:16,104804.52,104293.31,0.42,Baja,104841.35,0.07,Sube,NaN,NaN,NaN,NaN,NaN,NaN,NaN,NaN,NaN,NaN,NaN,NaN,NaN
2025-06-13 12:01:30,105018.39,104256.76,0.69,Baja,104998.86,0.17,Baja,NaN,NaN,NaN,NaN,NaN,NaN,NaN,NaN,NaN,NaN,NaN,NaN,NaN
2025-06-13 13:02:11,104881.85,104228.55,0.60,Baja,104887.51,0.11,Sube,NaN,NaN,NaN,NaN,NaN,NaN,NaN,NaN,NaN,NaN,NaN,NaN,NaN
2025-06-13 14:00:55,104803.60,104206.45,0.55,Baja,104808.96,0.08,Sube,NaN,NaN,NaN,NaN,NaN,NaN,NaN,NaN,NaN,NaN,NaN,NaN,NaN
2025-06-13 15:01:18,105071.79,104203.61,0.82,Baja,105000.14,0.25,Baja,NaN,NaN,NaN,NaN,NaN,NaN,NaN,NaN,NaN,NaN,NaN,NaN,NaN
2025-06-13 16:01:24,105401.95,104229.46,1.14,Baja,105412.16,0.38,Sube,NaN,NaN,NaN,NaN,NaN,NaN,NaN,NaN,NaN,NaN,NaN,NaN,NaN
2025-06-13 17:00:58,105753.42,104283.40,1.44,Baja,105748.03,0.32,Baja,NaN,NaN,NaN,NaN,NaN,NaN,NaN,NaN,NaN,NaN,NaN,NaN,NaN
2025-06-13 18:00:55,105420.18,104327.01,1.08,Baja,105401.31,0.31,Baja,NaN,NaN,NaN,NaN,NaN,NaN,NaN,NaN,NaN,NaN,NaN,NaN,NaN
2025-06-13 19:00:58,105183.99,104367.20,0.81,Baja,105195.20,0.21,Sube,NaN,NaN,NaN,NaN,NaN,NaN,NaN,NaN,NaN,NaN,NaN,NaN,NaN
2025-06-13 20:00:58,105134.52,104403.85,0.73,Baja,105071.68,0.06,Baja,NaN,NaN,NaN,NaN,NaN,NaN,NaN,NaN,NaN,NaN,NaN,NaN,NaN
2025-06-13 21:01:23,105436.99,104452.33,0.98,Baja,105385.69,0.35,Baja,NaN,NaN,NaN,NaN,NaN,NaN,NaN,NaN,NaN,NaN,NaN,NaN,NaN
2025-06-13 22:01:00,105661.77,104505.88,1.14,Baja,105668.79,0.26,Sube,NaN,NaN,NaN,NaN,NaN,NaN,NaN,NaN,NaN,NaN,NaN,NaN,NaN
2025-06-13 23:01:01,105760.61,104565.34,1.19,Baja,105847.32,0.09,Sube,NaN,NaN,NaN,NaN,NaN,NaN,NaN,NaN,NaN,NaN,NaN,NaN,NaN
2025-06-14 00:01:49,106005.11,104642.55,1.36,Baja,105964.09,0.15,Baja,NaN,NaN,NaN,NaN,NaN,NaN,NaN,NaN,NaN,NaN,NaN,NaN,NaN
2025-06-14 01:02:57,105741.30,104706.05,1.04,Baja,105748.62,0.21,Sube,NaN,NaN,NaN,NaN,NaN,NaN,NaN,NaN,NaN,NaN,NaN,NaN,NaN
2025-06-14 02:02:50,105495.91,104756.67,0.75,Baja,105497.05,0.24,Sube,NaN,NaN,NaN,NaN,NaN,NaN,NaN,NaN,NaN,NaN,NaN,NaN,NaN
2025-06-14 03:01:39,105321.21,104794.02,0.54,Baja,105326.92,0.17,Sube,NaN,NaN,NaN,NaN,NaN,NaN,NaN,NaN,NaN,NaN,NaN,NaN,NaN
2025-06-14 04:01:42,105226.37,104815.88,0.41,Baja,105231.95,0.10,Sube,NaN,NaN,NaN,NaN,NaN,NaN,NaN,NaN,NaN,NaN,NaN,NaN,NaN
2025-06-14 05:02:36,105340.55,104834.07,0.50,Baja,105232.73,0.10,Baja,NaN,NaN,NaN,NaN,NaN,NaN,NaN,NaN,NaN,NaN,NaN,NaN,NaN
2025-06-14 06:01:44,105294.36,104839.06,0.44,Baja,105340.98,0.06,Sube,NaN,NaN,NaN,NaN,NaN,NaN,NaN,NaN,NaN,NaN,NaN,NaN,NaN
2025-06-14 07:01:20,105095.00,104827.43,0.24,Baja,105102.35,0.23,Sube,NaN,NaN,NaN,NaN,NaN,NaN,NaN,NaN,NaN,NaN,NaN,NaN,NaN
2025-06-14 08:01:24,105070.34,104809.25,0.23,Baja,105083.15,0.03,Sube,NaN,NaN,NaN,NaN,NaN,NaN,NaN,NaN,NaN,NaN,NaN,NaN,NaN
2025-06-14 09:02:08,105095.04,104786.69,0.27,Baja,104991.67,0.01,Baja,NaN,NaN,NaN,NaN,NaN,NaN,NaN,NaN,NaN,NaN,NaN,NaN,NaN
2025-06-14 10:00:59,104890.11,104747.60,0.10,Baja,104891.56,0.10,Sube,NaN,NaN,NaN,NaN,NaN,NaN,NaN,NaN,NaN,NaN,NaN,NaN,NaN
2025-06-14 11:01:45,105065.92,104714.01,0.30,Baja,105018.34,0.17,Baja,NaN,NaN,NaN,NaN,NaN,NaN,NaN,NaN,NaN,NaN,NaN,NaN,NaN
2025-06-14 12:01:26,105083.55,104682.15,0.35,Baja,105091.16,0.06,Sube,NaN,NaN,NaN,NaN,NaN,NaN,NaN,NaN,NaN,NaN,NaN,NaN,NaN
2025-06-14 13:01:19,105025.40,104647.50,0.33,Baja,105030.55,0.06,Sube,NaN,NaN,NaN,NaN,NaN,NaN,NaN,NaN,NaN,NaN,NaN,NaN,NaN
2025-06-14 14:00:56,105017.42,104616.08,0.35,Baja,105017.42,0.01,Baja,NaN,NaN,NaN,NaN,NaN,NaN,NaN,NaN,NaN,NaN,NaN,NaN,NaN
2025-06-14 15:01:10,104923.51,104581.89,0.29,Baja,104918.20,0.09,Baja,NaN,NaN,NaN,NaN,NaN,NaN,NaN,NaN,NaN,NaN,NaN,NaN,NaN
2025-06-14 16:01:27,104841.67,104545.77,0.25,Baja,104833.50,0.07,Baja,NaN,NaN,NaN,NaN,NaN,NaN,NaN,NaN,NaN,NaN,NaN,NaN,NaN
2025-06-14 17:00:54,104446.00,104489.76,0.10,Sube,104459.15,0.37,Sube,NaN,NaN,NaN,NaN,NaN,NaN,NaN,NaN,NaN,NaN,NaN,NaN,NaN
2025-06-14 18:00:55,104608.17,104443.57,0.11,Baja,104640.99,0.14,Sube,NaN,NaN,NaN,NaN,NaN,NaN,NaN,NaN,NaN,NaN,NaN,NaN,NaN
2025-06-14 19:00:55,104898.62,104409.07,0.43,Baja,104897.75,0.25,Baja,NaN,NaN,NaN,NaN,NaN,NaN,NaN,NaN,NaN,NaN,NaN,NaN,NaN
2025-06-14 20:00:56,104624.93,104364.06,0.21,Baja,104594.79,0.26,Baja,NaN,NaN,NaN,NaN,NaN,NaN,NaN,NaN,NaN,NaN,NaN,NaN,NaN
2025-06-14 21:01:27,104901.88,104339.17,0.51,Baja,104913.87,0.29,Sube,NaN,NaN,NaN,NaN,NaN,NaN,NaN,NaN,NaN,NaN,NaN,NaN,NaN
2025-06-14 22:01:00,105385.62,104340.70,0.99,Baja,105376.10,0.45,Baja,NaN,NaN,NaN,NaN,NaN,NaN,NaN,NaN,NaN,NaN,NaN,NaN,NaN
2025-06-14 23:00:59,105418.75,104351.28,1.02,Baja,105431.74,0.04,Sube,NaN,NaN,NaN,NaN,NaN,NaN,NaN,NaN,NaN,NaN,NaN,NaN,NaN
2025-06-15 00:01:57,105425.93,104375.25,1.02,Baja,105424.46,0.01,Baja,NaN,NaN,NaN,NaN,NaN,NaN,NaN,NaN,NaN,NaN,NaN,NaN,NaN
2025-06-15 01:03:20,105635.41,104421.28,1.19,Baja,105726.26,0.20,Sube,NaN,NaN,NaN,NaN,NaN,NaN,NaN,NaN,NaN,NaN,NaN,NaN,NaN
2025-06-15 02:02:27,105500.19,104462.24,1.02,Baja,105502.42,0.21,Sube,NaN,NaN,NaN,NaN,NaN,NaN,NaN,NaN,NaN,NaN,NaN,NaN,NaN
2025-06-15 03:01:49,105494.00,104509.89,0.98,Baja,105519.64,0.01,Sube,NaN,NaN,NaN,NaN,NaN,NaN,NaN,NaN,NaN,NaN,NaN,NaN,NaN
2025-06-15 04:01:32,105489.24,104557.52,0.93,Baja,105483.58,0.03,Baja,NaN,NaN,NaN,NaN,NaN,NaN,NaN,NaN,NaN,NaN,NaN,NaN,NaN
2025-06-15 05:01:47,105559.69,104607.84,0.95,Baja,105587.79,0.07,Sube,NaN,NaN,NaN,NaN,NaN,NaN,NaN,NaN,NaN,NaN,NaN,NaN,NaN
2025-06-15 06:01:45,106106.77,104683.95,1.41,Baja,106105.90,0.49,Baja,NaN,NaN,NaN,NaN,NaN,NaN,NaN,NaN,NaN,NaN,NaN,NaN,NaN
2025-06-15 07:01:27,105440.69,104721.95,0.72,Baja,105436.45,0.63,Baja,NaN,NaN,NaN,NaN,NaN,NaN,NaN,NaN,NaN,NaN,NaN,NaN,NaN
2025-06-15 08:01:38,105440.51,104762.96,0.68,Baja,105420.42,0.00,Baja,NaN,NaN,NaN,NaN,NaN,NaN,NaN,NaN,NaN,NaN,NaN,NaN,NaN
2025-06-15 09:02:37,105172.68,104781.88,0.39,Baja,105171.41,0.24,Baja,NaN,NaN,NaN,NaN,NaN,NaN,NaN,NaN,NaN,NaN,NaN,NaN,NaN
2025-06-15 10:01:00,104925.65,104777.90,0.14,Baja,104919.01,0.23,Baja,NaN,NaN,NaN,NaN,NaN,NaN,NaN,NaN,NaN,NaN,NaN,NaN,NaN
2025-06-15 11:01:49,105101.99,104773.77,0.31,Baja,105093.29,0.17,Baja,NaN,NaN,NaN,NaN,NaN,NaN,NaN,NaN,NaN,NaN,NaN,NaN,NaN
2025-06-15 12:01:31,104973.88,104750.77,0.19,Baja,104957.57,0.11,Baja,NaN,NaN,NaN,NaN,NaN,NaN,NaN,NaN,NaN,NaN,NaN,NaN,NaN
2025-06-15 13:01:22,105289.90,104738.99,0.51,Baja,105288.46,0.32,Baja,NaN,NaN,NaN,NaN,NaN,NaN,NaN,NaN,NaN,NaN,NaN,NaN,NaN
2025-06-15 14:00:55,105504.74,104736.22,0.73,Baja,105501.24,0.20,Baja,NaN,NaN,NaN,NaN,NaN,NaN,NaN,NaN,NaN,NaN,NaN,NaN,NaN
2025-06-15 15:01:06,105661.77,104743.87,0.88,Baja,105679.67,0.15,Sube,NaN,NaN,NaN,NaN,NaN,NaN,NaN,NaN,NaN,NaN,NaN,NaN,NaN
2025-06-15 16:01:31,105593.53,104753.84,0.80,Baja,105600.41,0.08,Sube,NaN,NaN,NaN,NaN,NaN,NaN,NaN,NaN,NaN,NaN,NaN,NaN,NaN
2025-06-15 17:00:58,105547.00,104768.73,0.75,Baja,105517.79,0.05,Baja,NaN,NaN,NaN,NaN,NaN,NaN,NaN,NaN,NaN,NaN,NaN,NaN,NaN
2025-06-15 18:00:54,105689.66,104794.21,0.87,Baja,105694.11,0.16,Sube,NaN,NaN,NaN,NaN,NaN,NaN,NaN,NaN,NaN,NaN,NaN,NaN,NaN
2025-06-15 19:00:55,105483.17,104810.17,0.65,Baja,105466.59,0.20,Baja,NaN,NaN,NaN,NaN,NaN,NaN,NaN,NaN,NaN,NaN,NaN,NaN,NaN
2025-06-15 20:00:56,105293.20,104816.41,0.46,Baja,105300.80,0.16,Sube,NaN,NaN,NaN,NaN,NaN,NaN,NaN,NaN,NaN,NaN,NaN,NaN,NaN
2025-06-15 21:01:32,104694.75,104787.50,0.12,Sube,104675.04,0.58,Baja,NaN,NaN,NaN,NaN,NaN,NaN,NaN,NaN,NaN,NaN,NaN,NaN,NaN
2025-06-15 22:01:01,104786.60,104758.64,0.00,Baja,104796.00,0.11,Sube,NaN,NaN,NaN,NaN,NaN,NaN,NaN,NaN,NaN,NaN,NaN,NaN,NaN
2025-06-15 23:01:03,105264.52,104743.44,0.48,Baja,105285.35,0.45,Sube,NaN,NaN,NaN,NaN,NaN,NaN,NaN,NaN,NaN,NaN,NaN,NaN,NaN
2025-06-16 00:01:57,105558.01,104739.23,0.77,Baja,105519.25,0.26,Baja,NaN,NaN,NaN,NaN,NaN,NaN,NaN,NaN,NaN,NaN,NaN,NaN,NaN
2025-06-16 01:03:25,105414.96,104731.36,0.64,Baja,105410.73,0.10,Baja,NaN,NaN,NaN,NaN,NaN,NaN,NaN,NaN,NaN,NaN,NaN,NaN,NaN
2025-06-16 02:02:32,105831.84,104753.14,1.04,Baja,105809.22,0.40,Baja,NaN,NaN,NaN,NaN,NaN,NaN,NaN,NaN,NaN,NaN,NaN,NaN,NaN
2025-06-16 03:01:48,105784.83,104776.99,0.98,Baja,105804.31,0.02,Sube,NaN,NaN,NaN,NaN,NaN,NaN,NaN,NaN,NaN,NaN,NaN,NaN,NaN
2025-06-16 04:01:35,105922.00,104816.87,1.08,Baja,105959.88,0.11,Sube,NaN,NaN,NaN,NaN,NaN,NaN,NaN,NaN,NaN,NaN,NaN,NaN,NaN
2025-06-16 05:01:48,106439.23,104887.14,1.52,Baja,106466.01,0.45,Sube,NaN,NaN,NaN,NaN,NaN,NaN,NaN,NaN,NaN,NaN,NaN,NaN,NaN
2025-06-16 06:01:46,106539.76,104968.71,1.55,Baja,106569.25,0.07,Sube,NaN,NaN,NaN,NaN,NaN,NaN,NaN,NaN,NaN,NaN,NaN,NaN,NaN
2025-06-16 07:01:38,106586.00,105062.06,1.52,Baja,106573.18,0.02,Baja,NaN,NaN,NaN,NaN,NaN,NaN,NaN,NaN,NaN,NaN,NaN,NaN,NaN
2025-06-16 08:01:34,107126.58,105186.89,1.93,Baja,107155.59,0.52,Sube,NaN,NaN,NaN,NaN,NaN,NaN,NaN,NaN,NaN,NaN,NaN,NaN,NaN
2025-06-16 09:02:24,107251.01,105318.61,1.92,Baja,107254.38,0.09,Sube,NaN,NaN,NaN,NaN,NaN,NaN,NaN,NaN,NaN,NaN,NaN,NaN,NaN
2025-06-16 10:01:01,106941.25,105440.89,1.52,Baja,106922.36,0.29,Baja,NaN,NaN,NaN,NaN,NaN,NaN,NaN,NaN,NaN,NaN,NaN,NaN,NaN
2025-06-16 11:02:08,106739.22,105554.95,1.22,Baja,106704.78,0.17,Baja,NaN,NaN,NaN,NaN,NaN,NaN,NaN,NaN,NaN,NaN,NaN,NaN,NaN
2025-06-16 12:01:22,106883.98,105665.89,1.24,Baja,106882.82,0.17,Baja,NaN,NaN,NaN,NaN,NaN,NaN,NaN,NaN,NaN,NaN,NaN,NaN,NaN
2025-06-16 13:01:58,106721.94,105754.48,0.99,Baja,106725.24,0.15,Sube,NaN,NaN,NaN,NaN,NaN,NaN,NaN,NaN,NaN,NaN,NaN,NaN,NaN
2025-06-16 14:00:54,106879.79,105851.75,1.05,Baja,106882.62,0.14,Sube,NaN,NaN,NaN,NaN,NaN,NaN,NaN,NaN,NaN,NaN,NaN,NaN,NaN
2025-06-16 15:01:16,107539.74,105965.99,1.57,Baja,107529.84,0.61,Baja,NaN,NaN,NaN,NaN,NaN,NaN,NaN,NaN,NaN,NaN,NaN,NaN,NaN
2025-06-16 16:01:32,107481.86,106064.78,1.41,Baja,107415.03,0.04,Baja,NaN,NaN,NaN,NaN,NaN,NaN,NaN,NaN,NaN,NaN,NaN,NaN,NaN
2025-06-16 17:00:52,107747.43,106178.45,1.56,Baja,107709.11,0.31,Baja,NaN,NaN,NaN,NaN,NaN,NaN,NaN,NaN,NaN,NaN,NaN,NaN,NaN
2025-06-16 18:00:53,107755.01,106287.93,1.46,Baja,107752.87,0.04,Baja,NaN,NaN,NaN,NaN,NaN,NaN,NaN,NaN,NaN,NaN,NaN,NaN,NaN
2025-06-16 19:00:57,108270.03,106422.63,1.83,Baja,108259.81,0.48,Baja,NaN,NaN,NaN,NaN,NaN,NaN,NaN,NaN,NaN,NaN,NaN,NaN,NaN
2025-06-16 20:00:57,108613.49,106570.16,2.02,Baja,108548.34,0.33,Baja,NaN,NaN,NaN,NaN,NaN,NaN,NaN,NaN,NaN,NaN,NaN,NaN,NaN
2025-06-16 21:01:28,108790.69,106727.55,2.04,Baja,108787.35,0.22,Baja,NaN,NaN,NaN,NaN,NaN,NaN,NaN,NaN,NaN,NaN,NaN,NaN,NaN
2025-06-16 22:01:00,108615.51,106872.75,1.74,Baja,108618.30,0.16,Sube,NaN,NaN,NaN,NaN,NaN,NaN,NaN,NaN,NaN,NaN,NaN,NaN,NaN
2025-06-16 23:01:02,107708.09,106967.65,0.78,Baja,107721.89,0.85,Sube,NaN,NaN,NaN,NaN,NaN,NaN,NaN,NaN,NaN,NaN,NaN,NaN,NaN
2025-06-17 00:01:58,106710.01,106998.10,0.24,Sube,106684.26,0.95,Baja,NaN,NaN,NaN,NaN,NaN,NaN,NaN,NaN,NaN,NaN,NaN,NaN,NaN
2025-06-17 01:03:28,107219.73,107033.09,0.21,Baja,107292.57,0.50,Sube,NaN,NaN,NaN,NaN,NaN,NaN,NaN,NaN,NaN,NaN,NaN,NaN,NaN
2025-06-17 02:03:08,107102.65,107031.37,0.06,Baja,107081.33,0.18,Baja,NaN,NaN,NaN,NaN,NaN,NaN,NaN,NaN,NaN,NaN,NaN,NaN,NaN
2025-06-17 03:01:43,107482.77,107030.98,0.42,Baja,107447.66,0.37,Baja,NaN,NaN,NaN,NaN,NaN,NaN,NaN,NaN,NaN,NaN,NaN,NaN,NaN
2025-06-17 04:01:36,107635.15,107024.12,0.56,Baja,107635.41,0.17,Sube,NaN,NaN,NaN,NaN,NaN,NaN,NaN,NaN,NaN,NaN,NaN,NaN,NaN
2025-06-17 05:02:01,107325.60,106998.29,0.28,Baja,107271.89,0.29,Baja,NaN,NaN,NaN,NaN,NaN,NaN,NaN,NaN,NaN,NaN,NaN,NaN,NaN
2025-06-17 06:01:49,107101.36,106961.47,0.10,Baja,107042.85,0.16,Baja,NaN,NaN,NaN,NaN,NaN,NaN,NaN,NaN,NaN,NaN,NaN,NaN,NaN
2025-06-17 07:01:26,106834.03,106907.27,0.12,Sube,106828.91,0.20,Baja,NaN,NaN,NaN,NaN,NaN,NaN,NaN,NaN,NaN,NaN,NaN,NaN,NaN
2025-06-17 08:01:31,106720.63,106843.72,0.17,Sube,106701.69,0.10,Baja,NaN,NaN,NaN,NaN,NaN,NaN,NaN,NaN,NaN,NaN,NaN,NaN,NaN
2025-06-17 09:02:19,106546.09,106766.32,0.28,Sube,106538.89,0.15,Baja,NaN,NaN,NaN,NaN,NaN,NaN,NaN,NaN,NaN,NaN,NaN,NaN,NaN
2025-06-17 10:01:02,106145.76,106663.86,0.58,Sube,106082.70,0.37,Baja,NaN,NaN,NaN,NaN,NaN,NaN,NaN,NaN,NaN,NaN,NaN,NaN,NaN
2025-06-17 11:02:16,105915.26,106546.46,0.71,Sube,105900.19,0.16,Baja,NaN,NaN,NaN,NaN,NaN,NaN,NaN,NaN,NaN,NaN,NaN,NaN,NaN
2025-06-17 12:01:29,105605.20,106408.15,0.89,Sube,105613.57,0.28,Sube,NaN,NaN,NaN,NaN,NaN,NaN,NaN,NaN,NaN,NaN,NaN,NaN,NaN
2025-06-17 13:02:03,105509.53,106260.16,0.85,Sube,105481.85,0.10,Baja,NaN,NaN,NaN,NaN,NaN,NaN,NaN,NaN,NaN,NaN,NaN,NaN,NaN
2025-06-17 14:00:54,105366.30,106102.23,0.85,Sube,105304.67,0.11,Baja,NaN,NaN,NaN,NaN,NaN,NaN,NaN,NaN,NaN,NaN,NaN,NaN,NaN
2025-06-17 15:01:16,104849.01,105920.17,1.20,Sube,104845.88,0.43,Baja,NaN,NaN,NaN,NaN,NaN,NaN,NaN,NaN,NaN,NaN,NaN,NaN,NaN
2025-06-17 16:01:32,104248.69,105707.04,1.60,Sube,104256.91,0.57,Sube,NaN,NaN,NaN,NaN,NaN,NaN,NaN,NaN,NaN,NaN,NaN,NaN,NaN
2025-06-17 17:00:56,103579.50,105458.04,2.05,Sube,103617.20,0.65,Sube,NaN,NaN,NaN,NaN,NaN,NaN,NaN,NaN,NaN,NaN,NaN,NaN,NaN
2025-06-17 18:00:57,103836.85,105221.90,1.56,Sube,103767.09,0.21,Baja,NaN,NaN,NaN,NaN,NaN,NaN,NaN,NaN,NaN,NaN,NaN,NaN,NaN
2025-06-17 19:01:00,104459.47,105013.15,0.73,Sube,104435.06,0.66,Baja,NaN,NaN,NaN,NaN,NaN,NaN,NaN,NaN,NaN,NaN,NaN,NaN,NaN
2025-06-17 20:01:01,104682.62,104830.57,0.32,Sube,104632.25,0.24,Baja,NaN,NaN,NaN,NaN,NaN,NaN,NaN,NaN,NaN,NaN,NaN,NaN,NaN
2025-06-17 21:01:27,104377.73,104654.15,0.43,Sube,104419.86,0.24,Sube,NaN,NaN,NaN,NaN,NaN,NaN,NaN,NaN,NaN,NaN,NaN,NaN,NaN
2025-06-17 22:01:12,104559.17,104514.32,0.09,Baja,104523.13,0.13,Baja,NaN,NaN,NaN,NaN,NaN,NaN,NaN,NaN,NaN,NaN,NaN,NaN,NaN
2025-06-17 23:01:01,104273.01,104379.87,0.23,Sube,104242.57,0.24,Baja,NaN,NaN,NaN,NaN,NaN,NaN,NaN,NaN,NaN,NaN,NaN,NaN,NaN
2025-06-18 00:02:03,104560.00,104282.19,0.17,Baja,104505.13,0.30,Baja,NaN,NaN,NaN,NaN,NaN,NaN,NaN,NaN,NaN,NaN,NaN,NaN,NaN
2025-06-18 01:03:26,104870.43,104216.19,0.56,Baja,104888.25,0.35,Sube,NaN,NaN,NaN,NaN,NaN,NaN,NaN,NaN,NaN,NaN,NaN,NaN,NaN
2025-06-18 02:02:31,104765.94,104164.18,0.52,Baja,104780.45,0.12,Sube,NaN,NaN,NaN,NaN,NaN,NaN,NaN,NaN,NaN,NaN,NaN,NaN,NaN
2025-06-18 03:01:50,104865.99,104136.92,0.67,Baja,104830.87,0.08,Baja,NaN,NaN,NaN,NaN,NaN,NaN,NaN,NaN,NaN,NaN,NaN,NaN,NaN
2025-06-18 04:01:39,105134.21,104139.34,0.95,Baja,105149.81,0.29,Sube,NaN,NaN,NaN,NaN,NaN,NaN,NaN,NaN,NaN,NaN,NaN,NaN,NaN
2025-06-18 05:01:55,105436.05,104169.73,1.23,Baja,105400.01,0.27,Baja,NaN,NaN,NaN,NaN,NaN,NaN,NaN,NaN,NaN,NaN,NaN,NaN,NaN
2025-06-18 06:01:59,105439.36,104211.51,1.20,Baja,105452.45,0.04,Sube,NaN,NaN,NaN,NaN,NaN,NaN,NaN,NaN,NaN,NaN,NaN,NaN,NaN
2025-06-18 07:01:29,104976.89,104239.53,0.73,Baja,104950.71,0.45,Baja,NaN,NaN,NaN,NaN,NaN,NaN,NaN,NaN,NaN,NaN,NaN,NaN,NaN
2025-06-18 08:01:35,104954.99,104272.14,0.68,Baja,105002.80,0.00,Sube,NaN,NaN,NaN,NaN,NaN,NaN,NaN,NaN,NaN,NaN,NaN,NaN,NaN
2025-06-18 09:02:00,104949.91,104300.30,0.65,Baja,104913.23,0.05,Baja,NaN,NaN,NaN,NaN,NaN,NaN,NaN,NaN,NaN,NaN,NaN,NaN,NaN
2025-06-18 10:01:02,104712.50,104309.47,0.39,Baja,104683.12,0.19,Baja,NaN,NaN,NaN,NaN,NaN,NaN,NaN,NaN,NaN,NaN,NaN,NaN,NaN
2025-06-18 11:01:57,104303.52,104287.57,0.01,Baja,104326.20,0.36,Sube,NaN,NaN,NaN,NaN,NaN,NaN,NaN,NaN,NaN,NaN,NaN,NaN,NaN
2025-06-18 12:01:35,104800.01,104288.29,0.49,Baja,104791.74,0.45,Baja,NaN,NaN,NaN,NaN,NaN,NaN,NaN,NaN,NaN,NaN,NaN,NaN,NaN
2025-06-18 13:02:37,104516.00,104262.35,0.22,Baja,104548.09,0.26,Sube,NaN,NaN,NaN,NaN,NaN,NaN,NaN,NaN,NaN,NaN,NaN,NaN,NaN
2025-06-18 14:01:20,104433.34,104231.16,0.16,Baja,104391.42,0.11,Baja,NaN,NaN,NaN,NaN,NaN,NaN,NaN,NaN,NaN,NaN,NaN,NaN,NaN
2025-06-18 15:01:18,104601.23,104206.99,0.35,Baja,104633.44,0.20,Sube,NaN,NaN,NaN,NaN,NaN,NaN,NaN,NaN,NaN,NaN,NaN,NaN,NaN
